Workbook

Sheet Plastic
A1: Plastic Data from Gold Coast to Sunshine Coast | H1: Date | I1: 26.06.2026
A2: Suburb / Node | B2: Geographic Zone | C2: Governance Authority | D2: Key Risk Category | E2: Compliance Checklist / Metric | F2: Requirements | G2: Data Source / Link
A3: Beerburrum | B3: Sunshine Coast | C3: {=_xlfn.IFS(TRIM(B3)="Sunshine Coast","Sunshine Coast Council",TRIM(B3)="Moreton Bay","City of Moreton Bay",TRIM(B3)="Gold Coast","City of Gold Coast",TRIM(B3)="Ipswich","Ipswich City Council",TRUE,"")} -> Sunshine Coast Council | D3: {=_xlfn.IFS(TRIM(B3)="Sunshine Coast", "Environmental Risk (ERA 12 Plastic Processing)", TRIM(B3)="Moreton Bay", "Industrial Operations Risk", TRIM(B3)="Gold Coast", "Logistics & Supply Chain Risk", TRIM(B3)="Ipswich", "Manufacturing Zoning Risk", TRUE, "")} -> Environmental Risk (ERA 12 Plastic Processing) | E3: {=_xlfn.IFS(TRIM(B3)="Sunshine Coast", "Operation Clean Sweep Audit & Daily Machinery Safety Gate Verification", TRIM(B3)="Moreton Bay", "WHS Incident Log & Heavy Equipment Check", TRIM(B3)="Gold Coast", "Transport Fatigue & Loading Bay Audit", TRIM(B3)="Ipswich", "Council Trade Waste Permit Validation", TRUE, "")} -> Operation Clean Sweep Audit & Daily Machinery Safety Gate Verification | F3: {=_xlfn.IFS(TRIM(B3)="Sunshine Coast", "Zero-loss stormwater filtration & chemical containment zones", TRIM(B3)="Moreton Bay", "Machinery isolation guards & mandatory PPE enforcement", TRIM(B3)="Gold Coast", "Distribution logbook validation & freight rest tracking", TRIM(B3)="Ipswich", "Industrial trade effluent testing & zoning layout verification", TRUE, "")} -> Zero-loss stormwater filtration & chemical containment zones | G3: {=_xlfn.IFS(TRIM(B3)="Sunshine Coast", "DESI Industrial Licenses / MS Loop WHS Folder", TRIM(B3)="Moreton Bay", "WorkSafe QLD / Loop Incident Page", TRIM(B3)="Gold Coast", "QLD Transport Regs / Loop Commute Log", TRIM(B3)="Ipswich", "Ipswich City Council Bylaws / Loop Master Register", TRUE, "")} -> DESI Industrial Licenses / MS Loop WHS Folder
A4: Beerwah | B4: Sunshine Coast | C4: {=_xlfn.IFS(TRIM(B4)="Sunshine Coast","Sunshine Coast Council",TRIM(B4)="Moreton Bay","City of Moreton Bay",TRIM(B4)="Gold Coast","City of Gold Coast",TRIM(B4)="Ipswich","Ipswich City Council",TRUE,"")} -> Sunshine Coast Council | D4: {=_xlfn.IFS(TRIM(B4)="Sunshine Coast", "Environmental Risk (ERA 12 Plastic Processing)", TRIM(B4)="Moreton Bay", "Industrial Operations Risk", TRIM(B4)="Gold Coast", "Logistics & Supply Chain Risk", TRIM(B4)="Ipswich", "Manufacturing Zoning Risk", TRUE, "")} -> Environmental Risk (ERA 12 Plastic Processing) | E4: {=_xlfn.IFS(TRIM(B4)="Sunshine Coast", "Operation Clean Sweep Audit & Daily Machinery Safety Gate Verification", TRIM(B4)="Moreton Bay", "WHS Incident Log & Heavy Equipment Check", TRIM(B4)="Gold Coast", "Transport Fatigue & Loading Bay Audit", TRIM(B4)="Ipswich", "Council Trade Waste Permit Validation", TRUE, "")} -> Operation Clean Sweep Audit & Daily Machinery Safety Gate Verification | F4: {=_xlfn.IFS(TRIM(B4)="Sunshine Coast", "Zero-loss stormwater filtration & chemical containment zones", TRIM(B4)="Moreton Bay", "Machinery isolation guards & mandatory PPE enforcement", TRIM(B4)="Gold Coast", "Distribution logbook validation & freight rest tracking", TRIM(B4)="Ipswich", "Industrial trade effluent testing & zoning layout verification", TRUE, "")} -> Zero-loss stormwater filtration & chemical containment zones | G4: {=_xlfn.IFS(TRIM(B4)="Sunshine Coast", "DESI Industrial Licenses / MS Loop WHS Folder", TRIM(B4)="Moreton Bay", "WorkSafe QLD / Loop Incident Page", TRIM(B4)="Gold Coast", "QLD Transport Regs / Loop Commute Log", TRIM(B4)="Ipswich", "Ipswich City Council Bylaws / Loop Master Register", TRUE, "")} -> DESI Industrial Licenses / MS Loop WHS Folder
A5: Burpengary | B5: Moreton Bay | C5: {=_xlfn.IFS(TRIM(B5)="Sunshine Coast","Sunshine Coast Council",TRIM(B5)="Moreton Bay","City of Moreton Bay",TRIM(B5)="Gold Coast","City of Gold Coast",TRIM(B5)="Ipswich","Ipswich City Council",TRUE,"")} -> City of Moreton Bay | D5: {=_xlfn.IFS(TRIM(B5)="Sunshine Coast", "Environmental Risk (ERA 12 Plastic Processing)", TRIM(B5)="Moreton Bay", "Industrial Operations Risk", TRIM(B5)="Gold Coast", "Logistics & Supply Chain Risk", TRIM(B5)="Ipswich", "Manufacturing Zoning Risk", TRUE, "")} -> Industrial Operations Risk | E5: {=_xlfn.IFS(TRIM(B5)="Sunshine Coast", "Operation Clean Sweep Audit & Daily Machinery Safety Gate Verification", TRIM(B5)="Moreton Bay", "WHS Incident Log & Heavy Equipment Check", TRIM(B5)="Gold Coast", "Transport Fatigue & Loading Bay Audit", TRIM(B5)="Ipswich", "Council Trade Waste Permit Validation", TRUE, "")} -> WHS Incident Log & Heavy Equipment Check | F5: {=_xlfn.IFS(TRIM(B5)="Sunshine Coast", "Zero-loss stormwater filtration & chemical containment zones", TRIM(B5)="Moreton Bay", "Machinery isolation guards & mandatory PPE enforcement", TRIM(B5)="Gold Coast", "Distribution logbook validation & freight rest tracking", TRIM(B5)="Ipswich", "Industrial trade effluent testing & zoning layout verification", TRUE, "")} -> Machinery isolation guards & mandatory PPE enforcement | G5: {=_xlfn.IFS(TRIM(B5)="Sunshine Coast", "DESI Industrial Licenses / MS Loop WHS Folder", TRIM(B5)="Moreton Bay", "WorkSafe QLD / Loop Incident Page", TRIM(B5)="Gold Coast", "QLD Transport Regs / Loop Commute Log", TRIM(B5)="Ipswich", "Ipswich City Council Bylaws / Loop Master Register", TRUE, "")} -> WorkSafe QLD / Loop Incident Page
A6: Caboolture | B6: Moreton Bay | C6: {=_xlfn.IFS(TRIM(B6)="Sunshine Coast","Sunshine Coast Council",TRIM(B6)="Moreton Bay","City of Moreton Bay",TRIM(B6)="Gold Coast","City of Gold Coast",TRIM(B6)="Ipswich","Ipswich City Council",TRUE,"")} -> City of Moreton Bay | D6: {=_xlfn.IFS(TRIM(B6)="Sunshine Coast", "Environmental Risk (ERA 12 Plastic Processing)", TRIM(B6)="Moreton Bay", "Industrial Operations Risk", TRIM(B6)="Gold Coast", "Logistics & Supply Chain Risk", TRIM(B6)="Ipswich", "Manufacturing Zoning Risk", TRUE, "")} -> Industrial Operations Risk | E6: {=_xlfn.IFS(TRIM(B6)="Sunshine Coast", "Operation Clean Sweep Audit & Daily Machinery Safety Gate Verification", TRIM(B6)="Moreton Bay", "WHS Incident Log & Heavy Equipment Check", TRIM(B6)="Gold Coast", "Transport Fatigue & Loading Bay Audit", TRIM(B6)="Ipswich", "Council Trade Waste Permit Validation", TRUE, "")} -> WHS Incident Log & Heavy Equipment Check | F6: {=_xlfn.IFS(TRIM(B6)="Sunshine Coast", "Zero-loss stormwater filtration & chemical containment zones", TRIM(B6)="Moreton Bay", "Machinery isolation guards & mandatory PPE enforcement", TRIM(B6)="Gold Coast", "Distribution logbook validation & freight rest tracking", TRIM(B6)="Ipswich", "Industrial trade effluent testing & zoning layout verification", TRUE, "")} -> Machinery isolation guards & mandatory PPE enforcement | G6: {=_xlfn.IFS(TRIM(B6)="Sunshine Coast", "DESI Industrial Licenses / MS Loop WHS Folder", TRIM(B6)="Moreton Bay", "WorkSafe QLD / Loop Incident Page", TRIM(B6)="Gold Coast", "QLD Transport Regs / Loop Commute Log", TRIM(B6)="Ipswich", "Ipswich City Council Bylaws / Loop Master Register", TRUE, "")} -> WorkSafe QLD / Loop Incident Page
A7: Coomera | B7: Gold Coast | C7: {=_xlfn.IFS(TRIM(B7)="Sunshine Coast","Sunshine Coast Council",TRIM(B7)="Moreton Bay","City of Moreton Bay",TRIM(B7)="Gold Coast","City of Gold Coast",TRIM(B7)="Ipswich","Ipswich City Council",TRUE,"")} -> City of Gold Coast | D7: {=_xlfn.IFS(TRIM(B7)="Sunshine Coast", "Environmental Risk (ERA 12 Plastic Processing)", TRIM(B7)="Moreton Bay", "Industrial Operations Risk", TRIM(B7)="Gold Coast", "Logistics & Supply Chain Risk", TRIM(B7)="Ipswich", "Manufacturing Zoning Risk", TRUE, "")} -> Logistics & Supply Chain Risk | E7: {=_xlfn.IFS(TRIM(B7)="Sunshine Coast", "Operation Clean Sweep Audit & Daily Machinery Safety Gate Verification", TRIM(B7)="Moreton Bay", "WHS Incident Log & Heavy Equipment Check", TRIM(B7)="Gold Coast", "Transport Fatigue & Loading Bay Audit", TRIM(B7)="Ipswich", "Council Trade Waste Permit Validation", TRUE, "")} -> Transport Fatigue & Loading Bay Audit | F7: {=_xlfn.IFS(TRIM(B7)="Sunshine Coast", "Zero-loss stormwater filtration & chemical containment zones", TRIM(B7)="Moreton Bay", "Machinery isolation guards & mandatory PPE enforcement", TRIM(B7)="Gold Coast", "Distribution logbook validation & freight rest tracking", TRIM(B7)="Ipswich", "Industrial trade effluent testing & zoning layout verification", TRUE, "")} -> Distribution logbook validation & freight rest tracking | G7: {=_xlfn.IFS(TRIM(B7)="Sunshine Coast", "DESI Industrial Licenses / MS Loop WHS Folder", TRIM(B7)="Moreton Bay", "WorkSafe QLD / Loop Incident Page", TRIM(B7)="Gold Coast", "QLD Transport Regs / Loop Commute Log", TRIM(B7)="Ipswich", "Ipswich City Council Bylaws / Loop Master Register", TRUE, "")} -> QLD Transport Regs / Loop Commute Log
A8: Dakabin | B8: Moreton Bay | C8: {=_xlfn.IFS(TRIM(B8)="Sunshine Coast","Sunshine Coast Council",TRIM(B8)="Moreton Bay","City of Moreton Bay",TRIM(B8)="Gold Coast","City of Gold Coast",TRIM(B8)="Ipswich","Ipswich City Council",TRUE,"")} -> City of Moreton Bay | D8: {=_xlfn.IFS(TRIM(B8)="Sunshine Coast", "Environmental Risk (ERA 12 Plastic Processing)", TRIM(B8)="Moreton Bay", "Industrial Operations Risk", TRIM(B8)="Gold Coast", "Logistics & Supply Chain Risk", TRIM(B8)="Ipswich", "Manufacturing Zoning Risk", TRUE, "")} -> Industrial Operations Risk | E8: {=_xlfn.IFS(TRIM(B8)="Sunshine Coast", "Operation Clean Sweep Audit & Daily Machinery Safety Gate Verification", TRIM(B8)="Moreton Bay", "WHS Incident Log & Heavy Equipment Check", TRIM(B8)="Gold Coast", "Transport Fatigue & Loading Bay Audit", TRIM(B8)="Ipswich", "Council Trade Waste Permit Validation", TRUE, "")} -> WHS Incident Log & Heavy Equipment Check | F8: {=_xlfn.IFS(TRIM(B8)="Sunshine Coast", "Zero-loss stormwater filtration & chemical containment zones", TRIM(B8)="Moreton Bay", "Machinery isolation guards & mandatory PPE enforcement", TRIM(B8)="Gold Coast", "Distribution logbook validation & freight rest tracking", TRIM(B8)="Ipswich", "Industrial trade effluent testing & zoning layout verification", TRUE, "")} -> Machinery isolation guards & mandatory PPE enforcement | G8: {=_xlfn.IFS(TRIM(B8)="Sunshine Coast", "DESI Industrial Licenses / MS Loop WHS Folder", TRIM(B8)="Moreton Bay", "WorkSafe QLD / Loop Incident Page", TRIM(B8)="Gold Coast", "QLD Transport Regs / Loop Commute Log", TRIM(B8)="Ipswich", "Ipswich City Council Bylaws / Loop Master Register", TRUE, "")} -> WorkSafe QLD / Loop Incident Page
A9: Elimbah | B9: Sunshine Coast | C9: {=_xlfn.IFS(TRIM(B9)="Sunshine Coast","Sunshine Coast Council",TRIM(B9)="Moreton Bay","City of Moreton Bay",TRIM(B9)="Gold Coast","City of Gold Coast",TRIM(B9)="Ipswich","Ipswich City Council",TRUE,"")} -> Sunshine Coast Council | D9: {=_xlfn.IFS(TRIM(B9)="Sunshine Coast", "Environmental Risk (ERA 12 Plastic Processing)", TRIM(B9)="Moreton Bay", "Industrial Operations Risk", TRIM(B9)="Gold Coast", "Logistics & Supply Chain Risk", TRIM(B9)="Ipswich", "Manufacturing Zoning Risk", TRUE, "")} -> Environmental Risk (ERA 12 Plastic Processing) | E9: {=_xlfn.IFS(TRIM(B9)="Sunshine Coast", "Operation Clean Sweep Audit & Daily Machinery Safety Gate Verification", TRIM(B9)="Moreton Bay", "WHS Incident Log & Heavy Equipment Check", TRIM(B9)="Gold Coast", "Transport Fatigue & Loading Bay Audit", TRIM(B9)="Ipswich", "Council Trade Waste Permit Validation", TRUE, "")} -> Operation Clean Sweep Audit & Daily Machinery Safety Gate Verification | F9: {=_xlfn.IFS(TRIM(B9)="Sunshine Coast", "Zero-loss stormwater filtration & chemical containment zones", TRIM(B9)="Moreton Bay", "Machinery isolation guards & mandatory PPE enforcement", TRIM(B9)="Gold Coast", "Distribution logbook validation & freight rest tracking", TRIM(B9)="Ipswich", "Industrial trade effluent testing & zoning layout verification", TRUE, "")} -> Zero-loss stormwater filtration & chemical containment zones | G9: {=_xlfn.IFS(TRIM(B9)="Sunshine Coast", "DESI Industrial Licenses / MS Loop WHS Folder", TRIM(B9)="Moreton Bay", "WorkSafe QLD / Loop Incident Page", TRIM(B9)="Gold Coast", "QLD Transport Regs / Loop Commute Log", TRIM(B9)="Ipswich", "Ipswich City Council Bylaws / Loop Master Register", TRUE, "")} -> DESI Industrial Licenses / MS Loop WHS Folder
A10: Eudlo | B10: Sunshine Coast | C10: {=_xlfn.IFS(TRIM(B10)="Sunshine Coast","Sunshine Coast Council",TRIM(B10)="Moreton Bay","City of Moreton Bay",TRIM(B10)="Gold Coast","City of Gold Coast",TRIM(B10)="Ipswich","Ipswich City Council",TRUE,"")} -> Sunshine Coast Council | D10: {=_xlfn.IFS(TRIM(B10)="Sunshine Coast", "Environmental Risk (ERA 12 Plastic Processing)", TRIM(B10)="Moreton Bay", "Industrial Operations Risk", TRIM(B10)="Gold Coast", "Logistics & Supply Chain Risk", TRIM(B10)="Ipswich", "Manufacturing Zoning Risk", TRUE, "")} -> Environmental Risk (ERA 12 Plastic Processing) | E10: {=_xlfn.IFS(TRIM(B10)="Sunshine Coast", "Operation Clean Sweep Audit & Daily Machinery Safety Gate Verification", TRIM(B10)="Moreton Bay", "WHS Incident Log & Heavy Equipment Check", TRIM(B10)="Gold Coast", "Transport Fatigue & Loading Bay Audit", TRIM(B10)="Ipswich", "Council Trade Waste Permit Validation", TRUE, "")} -> Operation Clean Sweep Audit & Daily Machinery Safety Gate Verification | F10: {=_xlfn.IFS(TRIM(B10)="Sunshine Coast", "Zero-loss stormwater filtration & chemical containment zones", TRIM(B10)="Moreton Bay", "Machinery isolation guards & mandatory PPE enforcement", TRIM(B10)="Gold Coast", "Distribution logbook validation & freight rest tracking", TRIM(B10)="Ipswich", "Industrial trade effluent testing & zoning layout verification", TRUE, "")} -> Zero-loss stormwater filtration & chemical containment zones | G10: {=_xlfn.IFS(TRIM(B10)="Sunshine Coast", "DESI Industrial Licenses / MS Loop WHS Folder", TRIM(B10)="Moreton Bay", "WorkSafe QLD / Loop Incident Page", TRIM(B10)="Gold Coast", "QLD Transport Regs / Loop Commute Log", TRIM(B10)="Ipswich", "Ipswich City Council Bylaws / Loop Master Register", TRUE, "")} -> DESI Industrial Licenses / MS Loop WHS Folder
A11: Glass House Mountains | B11: Sunshine Coast | C11: {=_xlfn.IFS(TRIM(B11)="Sunshine Coast","Sunshine Coast Council",TRIM(B11)="Moreton Bay","City of Moreton Bay",TRIM(B11)="Gold Coast","City of Gold Coast",TRIM(B11)="Ipswich","Ipswich City Council",TRUE,"")} -> Sunshine Coast Council | D11: {=_xlfn.IFS(TRIM(B11)="Sunshine Coast", "Environmental Risk (ERA 12 Plastic Processing)", TRIM(B11)="Moreton Bay", "Industrial Operations Risk", TRIM(B11)="Gold Coast", "Logistics & Supply Chain Risk", TRIM(B11)="Ipswich", "Manufacturing Zoning Risk", TRUE, "")} -> Environmental Risk (ERA 12 Plastic Processing) | E11: {=_xlfn.IFS(TRIM(B11)="Sunshine Coast", "Operation Clean Sweep Audit & Daily Machinery Safety Gate Verification", TRIM(B11)="Moreton Bay", "WHS Incident Log & Heavy Equipment Check", TRIM(B11)="Gold Coast", "Transport Fatigue & Loading Bay Audit", TRIM(B11)="Ipswich", "Council Trade Waste Permit Validation", TRUE, "")} -> Operation Clean Sweep Audit & Daily Machinery Safety Gate Verification | F11: {=_xlfn.IFS(TRIM(B11)="Sunshine Coast", "Zero-loss stormwater filtration & chemical containment zones", TRIM(B11)="Moreton Bay", "Machinery isolation guards & mandatory PPE enforcement", TRIM(B11)="Gold Coast", "Distribution logbook validation & freight rest tracking", TRIM(B11)="Ipswich", "Industrial trade effluent testing & zoning layout verification", TRUE, "")} -> Zero-loss stormwater filtration & chemical containment zones | G11: {=_xlfn.IFS(TRIM(B11)="Sunshine Coast", "DESI Industrial Licenses / MS Loop WHS Folder", TRIM(B11)="Moreton Bay", "WorkSafe QLD / Loop Incident Page", TRIM(B11)="Gold Coast", "QLD Transport Regs / Loop Commute Log", TRIM(B11)="Ipswich", "Ipswich City Council Bylaws / Loop Master Register", TRUE, "")} -> DESI Industrial Licenses / MS Loop WHS Folder
A12: Helensvale | B12: Gold Coast | C12: {=_xlfn.IFS(TRIM(B12)="Sunshine Coast","Sunshine Coast Council",TRIM(B12)="Moreton Bay","City of Moreton Bay",TRIM(B12)="Gold Coast","City of Gold Coast",TRIM(B12)="Ipswich","Ipswich City Council",TRUE,"")} -> City of Gold Coast | D12: {=_xlfn.IFS(TRIM(B12)="Sunshine Coast", "Environmental Risk (ERA 12 Plastic Processing)", TRIM(B12)="Moreton Bay", "Industrial Operations Risk", TRIM(B12)="Gold Coast", "Logistics & Supply Chain Risk", TRIM(B12)="Ipswich", "Manufacturing Zoning Risk", TRUE, "")} -> Logistics & Supply Chain Risk | E12: {=_xlfn.IFS(TRIM(B12)="Sunshine Coast", "Operation Clean Sweep Audit & Daily Machinery Safety Gate Verification", TRIM(B12)="Moreton Bay", "WHS Incident Log & Heavy Equipment Check", TRIM(B12)="Gold Coast", "Transport Fatigue & Loading Bay Audit", TRIM(B12)="Ipswich", "Council Trade Waste Permit Validation", TRUE, "")} -> Transport Fatigue & Loading Bay Audit | F12: {=_xlfn.IFS(TRIM(B12)="Sunshine Coast", "Zero-loss stormwater filtration & chemical containment zones", TRIM(B12)="Moreton Bay", "Machinery isolation guards & mandatory PPE enforcement", TRIM(B12)="Gold Coast", "Distribution logbook validation & freight rest tracking", TRIM(B12)="Ipswich", "Industrial trade effluent testing & zoning layout verification", TRUE, "")} -> Distribution logbook validation & freight rest tracking | G12: {=_xlfn.IFS(TRIM(B12)="Sunshine Coast", "DESI Industrial Licenses / MS Loop WHS Folder", TRIM(B12)="Moreton Bay", "WorkSafe QLD / Loop Incident Page", TRIM(B12)="Gold Coast", "QLD Transport Regs / Loop Commute Log", TRIM(B12)="Ipswich", "Ipswich City Council Bylaws / Loop Master Register", TRUE, "")} -> QLD Transport Regs / Loop Commute Log
A13: Hope Island | B13: Gold Coast | C13: {=_xlfn.IFS(TRIM(B13)="Sunshine Coast","Sunshine Coast Council",TRIM(B13)="Moreton Bay","City of Moreton Bay",TRIM(B13)="Gold Coast","City of Gold Coast",TRIM(B13)="Ipswich","Ipswich City Council",TRUE,"")} -> City of Gold Coast | D13: {=_xlfn.IFS(TRIM(B13)="Sunshine Coast", "Environmental Risk (ERA 12 Plastic Processing)", TRIM(B13)="Moreton Bay", "Industrial Operations Risk", TRIM(B13)="Gold Coast", "Logistics & Supply Chain Risk", TRIM(B13)="Ipswich", "Manufacturing Zoning Risk", TRUE, "")} -> Logistics & Supply Chain Risk | E13: {=_xlfn.IFS(TRIM(B13)="Sunshine Coast", "Operation Clean Sweep Audit & Daily Machinery Safety Gate Verification", TRIM(B13)="Moreton Bay", "WHS Incident Log & Heavy Equipment Check", TRIM(B13)="Gold Coast", "Transport Fatigue & Loading Bay Audit", TRIM(B13)="Ipswich", "Council Trade Waste Permit Validation", TRUE, "")} -> Transport Fatigue & Loading Bay Audit | F13: {=_xlfn.IFS(TRIM(B13)="Sunshine Coast", "Zero-loss stormwater filtration & chemical containment zones", TRIM(B13)="Moreton Bay", "Machinery isolation guards & mandatory PPE enforcement", TRIM(B13)="Gold Coast", "Distribution logbook validation & freight rest tracking", TRIM(B13)="Ipswich", "Industrial trade effluent testing & zoning layout verification", TRUE, "")} -> Distribution logbook validation & freight rest tracking | G13: {=_xlfn.IFS(TRIM(B13)="Sunshine Coast", "DESI Industrial Licenses / MS Loop WHS Folder", TRIM(B13)="Moreton Bay", "WorkSafe QLD / Loop Incident Page", TRIM(B13)="Gold Coast", "QLD Transport Regs / Loop Commute Log", TRIM(B13)="Ipswich", "Ipswich City Council Bylaws / Loop Master Register", TRUE, "")} -> QLD Transport Regs / Loop Commute Log
A14: Ipswich CBD | B14: Ipswich | C14: {=_xlfn.IFS(TRIM(B14)="Sunshine Coast","Sunshine Coast Council",TRIM(B14)="Moreton Bay","City of Moreton Bay",TRIM(B14)="Gold Coast","City of Gold Coast",TRIM(B14)="Ipswich","Ipswich City Council",TRUE,"")} -> Ipswich City Council | D14: {=_xlfn.IFS(TRIM(B14)="Sunshine Coast", "Environmental Risk (ERA 12 Plastic Processing)", TRIM(B14)="Moreton Bay", "Industrial Operations Risk", TRIM(B14)="Gold Coast", "Logistics & Supply Chain Risk", TRIM(B14)="Ipswich", "Manufacturing Zoning Risk", TRUE, "")} -> Manufacturing Zoning Risk | E14: {=_xlfn.IFS(TRIM(B14)="Sunshine Coast", "Operation Clean Sweep Audit & Daily Machinery Safety Gate Verification", TRIM(B14)="Moreton Bay", "WHS Incident Log & Heavy Equipment Check", TRIM(B14)="Gold Coast", "Transport Fatigue & Loading Bay Audit", TRIM(B14)="Ipswich", "Council Trade Waste Permit Validation", TRUE, "")} -> Council Trade Waste Permit Validation | F14: {=_xlfn.IFS(TRIM(B14)="Sunshine Coast", "Zero-loss stormwater filtration & chemical containment zones", TRIM(B14)="Moreton Bay", "Machinery isolation guards & mandatory PPE enforcement", TRIM(B14)="Gold Coast", "Distribution logbook validation & freight rest tracking", TRIM(B14)="Ipswich", "Industrial trade effluent testing & zoning layout verification", TRUE, "")} -> Industrial trade effluent testing & zoning layout verification | G14: {=_xlfn.IFS(TRIM(B14)="Sunshine Coast", "DESI Industrial Licenses / MS Loop WHS Folder", TRIM(B14)="Moreton Bay", "WorkSafe QLD / Loop Incident Page", TRIM(B14)="Gold Coast", "QLD Transport Regs / Loop Commute Log", TRIM(B14)="Ipswich", "Ipswich City Council Bylaws / Loop Master Register", TRUE, "")} -> Ipswich City Council Bylaws / Loop Master Register
... A38: Woombye | B38: Sunshine Coast | C38: {=_xlfn.IFS(TRIM(B38)="Sunshine Coast","Sunshine Coast Council",TRIM(B38)="Moreton Bay","City of Moreton Bay",TRIM(B38)="Gold Coast","City of Gold Coast",TRIM(B38)="Ipswich","Ipswich City Council",TRUE,"")} -> Sunshine Coast Council | D38: {=_xlfn.IFS(TRIM(B38)="Sunshine Coast", "Environmental Risk (ERA 12 Plastic Processing)", TRIM(B38)="Moreton Bay", "Industrial Operations Risk", TRIM(B38)="Gold Coast", "Logistics & Supply Chain Risk", TRIM(B38)="Ipswich", "Manufacturing Zoning Risk", TRUE, "")} -> Environmental Risk (ERA 12 Plastic Processing) | E38: {=_xlfn.IFS(TRIM(B38)="Sunshine Coast", "Operation Clean Sweep Audit & Daily Machinery Safety Gate Verification", TRIM(B38)="Moreton Bay", "WHS Incident Log & Heavy Equipment Check", TRIM(B38)="Gold Coast", "Transport Fatigue & Loading Bay Audit", TRIM(B38)="Ipswich", "Council Trade Waste Permit Validation", TRUE, "")} -> Operation Clean Sweep Audit & Daily Machinery Safety Gate Verification | F38: {=_xlfn.IFS(TRIM(B38)="Sunshine Coast", "Zero-loss stormwater filtration & chemical containment zones", TRIM(B38)="Moreton Bay", "Machinery isolation guards & mandatory PPE enforcement", TRIM(B38)="Gold Coast", "Distribution logbook validation & freight rest tracking", TRIM(B38)="Ipswich", "Industrial trade effluent testing & zoning layout verification", TRUE, "")} -> Zero-loss stormwater filtration & chemical containment zones | G38: {=_xlfn.IFS(TRIM(B38)="Sunshine Coast", "DESI Industrial Licenses / MS Loop WHS Folder", TRIM(B38)="Moreton Bay", "WorkSafe QLD / Loop Incident Page", TRIM(B38)="Gold Coast", "QLD Transport Regs / Loop Commute Log", TRIM(B38)="Ipswich", "Ipswich City Council Bylaws / Loop Master Register", TRUE, "")} -> DESI Industrial Licenses / MS Loop WHS Folder

Sheet Food
A1: Food Data from Gold Coast to Sunshine Coast | H1: Date | I1: 26.06.2026
A2: Suburb / Node | B2: Geographic Zone | C2: Governance Authority | D2: Key Risk Category | E2: Compliance Checklist / Metric | F2: Requirements | G2: Data Source / Link
A3: Beerburrum | B3: Sunshine Coast | C3: {=_xlfn.IFS(TRIM(B3)="Sunshine Coast","Sunshine Coast Council",TRIM(B3)="Moreton Bay","City of Moreton Bay",TRIM(B3)="Gold Coast","City of Gold Coast",TRIM(B3)="Ipswich","Ipswich City Council",TRUE,"")} -> Sunshine Coast Council | D3: {=_xlfn.IFS(TRIM(B3)="Sunshine Coast","Biosecurity & Trade Waste Liquid Risk",TRIM(B3)="Moreton Bay","Commercial Effluent & Sewer Network Blockage Risk",TRIM(B3)="Gold Coast","FOG (Fats, Oils & Grease) Overload Risk",TRIM(B3)="Ipswich","Liquid Trade Waste Compliance & Pathogen Risk",TRUE,"")} -> Biosecurity & Trade Waste Liquid Risk | E3: {=_xlfn.IFS(TRIM(B3)="Sunshine Coast","Grease Trap Maintenance Log & Food Safety Supervisor Certificate Validation",TRIM(B3)="Moreton Bay","Unitywater Digital QR Code Tag Scan & Settleable Solids Log",TRIM(B3)="Gold Coast","Licensed Liquid Waste Contractor Extraction & Baffle Structural Check",TRIM(B3)="Ipswich","Urban Utilities Approved Sizing Metric & 25% FOG Accumulation Audit",TRUE,"")} -> Grease Trap Maintenance Log & Food Safety Supervisor Certificate Validation | F3: {=_xlfn.IFS(TRIM(B3)="Sunshine Coast","A mandatory grease arrestor pump-out every 13 weeks minimum",TRIM(B3)="Moreton Bay","Mandatory compliance with Unitywater Trade Waste Policy & scheduled pump-outs",TRIM(B3)="Gold Coast","All wastewater from food prep, floor wastes, and dishwashers must pass through approved trap",TRIM(B3)="Ipswich","Routine cleaning intervals mandated by Urban Utilities (ranging from 4 to 12 weeks)",TRUE,"")} -> A mandatory grease arrestor pump-out every 13 weeks minimum | G3: {=_xlfn.IFS(TRIM(B3)="Sunshine Coast", "Unitywater Trade Waste Permit / MS Loop Food Folder", TRIM(B3)="Moreton Bay", "Water Supply (Safety and Reliability) Act 2008 / Unitywater Policy", TRIM(B3)="Gold Coast", "City of Gold Coast Liquid Trade Waste Guidelines", TRIM(B3)="Ipswich", "Urban Utilities Trade Waste Program / Ipswich Environmental Health Regs", TRUE, "")} -> Unitywater Trade Waste Permit / MS Loop Food Folder
A4: Beerwah | B4: Sunshine Coast | C4: {=_xlfn.IFS(TRIM(B4)="Sunshine Coast","Sunshine Coast Council",TRIM(B4)="Moreton Bay","City of Moreton Bay",TRIM(B4)="Gold Coast","City of Gold Coast",TRIM(B4)="Ipswich","Ipswich City Council",TRUE,"")} -> Sunshine Coast Council | D4: {=_xlfn.IFS(TRIM(B4)="Sunshine Coast","Biosecurity & Trade Waste Liquid Risk",TRIM(B4)="Moreton Bay","Commercial Effluent & Sewer Network Blockage Risk",TRIM(B4)="Gold Coast","FOG (Fats, Oils & Grease) Overload Risk",TRIM(B4)="Ipswich","Liquid Trade Waste Compliance & Pathogen Risk",TRUE,"")} -> Biosecurity & Trade Waste Liquid Risk | E4: {=_xlfn.IFS(TRIM(B4)="Sunshine Coast","Grease Trap Maintenance Log & Food Safety Supervisor Certificate Validation",TRIM(B4)="Moreton Bay","Unitywater Digital QR Code Tag Scan & Settleable Solids Log",TRIM(B4)="Gold Coast","Licensed Liquid Waste Contractor Extraction & Baffle Structural Check",TRIM(B4)="Ipswich","Urban Utilities Approved Sizing Metric & 25% FOG Accumulation Audit",TRUE,"")} -> Grease Trap Maintenance Log & Food Safety Supervisor Certificate Validation | F4: {=_xlfn.IFS(TRIM(B4)="Sunshine Coast","A mandatory grease arrestor pump-out every 13 weeks minimum",TRIM(B4)="Moreton Bay","Mandatory compliance with Unitywater Trade Waste Policy & scheduled pump-outs",TRIM(B4)="Gold Coast","All wastewater from food prep, floor wastes, and dishwashers must pass through approved trap",TRIM(B4)="Ipswich","Routine cleaning intervals mandated by Urban Utilities (ranging from 4 to 12 weeks)",TRUE,"")} -> A mandatory grease arrestor pump-out every 13 weeks minimum | G4: {=_xlfn.IFS(TRIM(B4)="Sunshine Coast", "Unitywater Trade Waste Permit / MS Loop Food Folder", TRIM(B4)="Moreton Bay", "Water Supply (Safety and Reliability) Act 2008 / Unitywater Policy", TRIM(B4)="Gold Coast", "City of Gold Coast Liquid Trade Waste Guidelines", TRIM(B4)="Ipswich", "Urban Utilities Trade Waste Program / Ipswich Environmental Health Regs", TRUE, "")} -> Unitywater Trade Waste Permit / MS Loop Food Folder
A5: Burpengary | B5: Moreton Bay | C5: {=_xlfn.IFS(TRIM(B5)="Sunshine Coast","Sunshine Coast Council",TRIM(B5)="Moreton Bay","City of Moreton Bay",TRIM(B5)="Gold Coast","City of Gold Coast",TRIM(B5)="Ipswich","Ipswich City Council",TRUE,"")} -> City of Moreton Bay | D5: {=_xlfn.IFS(TRIM(B5)="Sunshine Coast","Biosecurity & Trade Waste Liquid Risk",TRIM(B5)="Moreton Bay","Commercial Effluent & Sewer Network Blockage Risk",TRIM(B5)="Gold Coast","FOG (Fats, Oils & Grease) Overload Risk",TRIM(B5)="Ipswich","Liquid Trade Waste Compliance & Pathogen Risk",TRUE,"")} -> Commercial Effluent & Sewer Network Blockage Risk | E5: {=_xlfn.IFS(TRIM(B5)="Sunshine Coast","Grease Trap Maintenance Log & Food Safety Supervisor Certificate Validation",TRIM(B5)="Moreton Bay","Unitywater Digital QR Code Tag Scan & Settleable Solids Log",TRIM(B5)="Gold Coast","Licensed Liquid Waste Contractor Extraction & Baffle Structural Check",TRIM(B5)="Ipswich","Urban Utilities Approved Sizing Metric & 25% FOG Accumulation Audit",TRUE,"")} -> Unitywater Digital QR Code Tag Scan & Settleable Solids Log | F5: {=_xlfn.IFS(TRIM(B5)="Sunshine Coast","A mandatory grease arrestor pump-out every 13 weeks minimum",TRIM(B5)="Moreton Bay","Mandatory compliance with Unitywater Trade Waste Policy & scheduled pump-outs",TRIM(B5)="Gold Coast","All wastewater from food prep, floor wastes, and dishwashers must pass through approved trap",TRIM(B5)="Ipswich","Routine cleaning intervals mandated by Urban Utilities (ranging from 4 to 12 weeks)",TRUE,"")} -> Mandatory compliance with Unitywater Trade Waste Policy & scheduled pump-outs | G5: {=_xlfn.IFS(TRIM(B5)="Sunshine Coast", "Unitywater Trade Waste Permit / MS Loop Food Folder", TRIM(B5)="Moreton Bay", "Water Supply (Safety and Reliability) Act 2008 / Unitywater Policy", TRIM(B5)="Gold Coast", "City of Gold Coast Liquid Trade Waste Guidelines", TRIM(B5)="Ipswich", "Urban Utilities Trade Waste Program / Ipswich Environmental Health Regs", TRUE, "")} -> Water Supply (Safety and Reliability) Act 2008 / Unitywater Policy
A6: Caboolture | B6: Moreton Bay | C6: {=_xlfn.IFS(TRIM(B6)="Sunshine Coast","Sunshine Coast Council",TRIM(B6)="Moreton Bay","City of Moreton Bay",TRIM(B6)="Gold Coast","City of Gold Coast",TRIM(B6)="Ipswich","Ipswich City Council",TRUE,"")} -> City of Moreton Bay | D6: {=_xlfn.IFS(TRIM(B6)="Sunshine Coast","Biosecurity & Trade Waste Liquid Risk",TRIM(B6)="Moreton Bay","Commercial Effluent & Sewer Network Blockage Risk",TRIM(B6)="Gold Coast","FOG (Fats, Oils & Grease) Overload Risk",TRIM(B6)="Ipswich","Liquid Trade Waste Compliance & Pathogen Risk",TRUE,"")} -> Commercial Effluent & Sewer Network Blockage Risk | E6: {=_xlfn.IFS(TRIM(B6)="Sunshine Coast","Grease Trap Maintenance Log & Food Safety Supervisor Certificate Validation",TRIM(B6)="Moreton Bay","Unitywater Digital QR Code Tag Scan & Settleable Solids Log",TRIM(B6)="Gold Coast","Licensed Liquid Waste Contractor Extraction & Baffle Structural Check",TRIM(B6)="Ipswich","Urban Utilities Approved Sizing Metric & 25% FOG Accumulation Audit",TRUE,"")} -> Unitywater Digital QR Code Tag Scan & Settleable Solids Log | F6: {=_xlfn.IFS(TRIM(B6)="Sunshine Coast","A mandatory grease arrestor pump-out every 13 weeks minimum",TRIM(B6)="Moreton Bay","Mandatory compliance with Unitywater Trade Waste Policy & scheduled pump-outs",TRIM(B6)="Gold Coast","All wastewater from food prep, floor wastes, and dishwashers must pass through approved trap",TRIM(B6)="Ipswich","Routine cleaning intervals mandated by Urban Utilities (ranging from 4 to 12 weeks)",TRUE,"")} -> Mandatory compliance with Unitywater Trade Waste Policy & scheduled pump-outs | G6: {=_xlfn.IFS(TRIM(B6)="Sunshine Coast", "Unitywater Trade Waste Permit / MS Loop Food Folder", TRIM(B6)="Moreton Bay", "Water Supply (Safety and Reliability) Act 2008 / Unitywater Policy", TRIM(B6)="Gold Coast", "City of Gold Coast Liquid Trade Waste Guidelines", TRIM(B6)="Ipswich", "Urban Utilities Trade Waste Program / Ipswich Environmental Health Regs", TRUE, "")} -> Water Supply (Safety and Reliability) Act 2008 / Unitywater Policy
A7: Coomera | B7: Gold Coast | C7: {=_xlfn.IFS(TRIM(B7)="Sunshine Coast","Sunshine Coast Council",TRIM(B7)="Moreton Bay","City of Moreton Bay",TRIM(B7)="Gold Coast","City of Gold Coast",TRIM(B7)="Ipswich","Ipswich City Council",TRUE,"")} -> City of Gold Coast | D7: {=_xlfn.IFS(TRIM(B7)="Sunshine Coast","Biosecurity & Trade Waste Liquid Risk",TRIM(B7)="Moreton Bay","Commercial Effluent & Sewer Network Blockage Risk",TRIM(B7)="Gold Coast","FOG (Fats, Oils & Grease) Overload Risk",TRIM(B7)="Ipswich","Liquid Trade Waste Compliance & Pathogen Risk",TRUE,"")} -> FOG (Fats, Oils & Grease) Overload Risk | E7: {=_xlfn.IFS(TRIM(B7)="Sunshine Coast","Grease Trap Maintenance Log & Food Safety Supervisor Certificate Validation",TRIM(B7)="Moreton Bay","Unitywater Digital QR Code Tag Scan & Settleable Solids Log",TRIM(B7)="Gold Coast","Licensed Liquid Waste Contractor Extraction & Baffle Structural Check",TRIM(B7)="Ipswich","Urban Utilities Approved Sizing Metric & 25% FOG Accumulation Audit",TRUE,"")} -> Licensed Liquid Waste Contractor Extraction & Baffle Structural Check | F7: {=_xlfn.IFS(TRIM(B7)="Sunshine Coast","A mandatory grease arrestor pump-out every 13 weeks minimum",TRIM(B7)="Moreton Bay","Mandatory compliance with Unitywater Trade Waste Policy & scheduled pump-outs",TRIM(B7)="Gold Coast","All wastewater from food prep, floor wastes, and dishwashers must pass through approved trap",TRIM(B7)="Ipswich","Routine cleaning intervals mandated by Urban Utilities (ranging from 4 to 12 weeks)",TRUE,"")} -> All wastewater from food prep, floor wastes, and dishwashers must pass through approved trap | G7: {=_xlfn.IFS(TRIM(B7)="Sunshine Coast", "Unitywater Trade Waste Permit / MS Loop Food Folder", TRIM(B7)="Moreton Bay", "Water Supply (Safety and Reliability) Act 2008 / Unitywater Policy", TRIM(B7)="Gold Coast", "City of Gold Coast Liquid Trade Waste Guidelines", TRIM(B7)="Ipswich", "Urban Utilities Trade Waste Program / Ipswich Environmental Health Regs", TRUE, "")} -> City of Gold Coast Liquid Trade Waste Guidelines
A8: Dakabin | B8: Moreton Bay | C8: {=_xlfn.IFS(TRIM(B8)="Sunshine Coast","Sunshine Coast Council",TRIM(B8)="Moreton Bay","City of Moreton Bay",TRIM(B8)="Gold Coast","City of Gold Coast",TRIM(B8)="Ipswich","Ipswich City Council",TRUE,"")} -> City of Moreton Bay | D8: {=_xlfn.IFS(TRIM(B8)="Sunshine Coast","Biosecurity & Trade Waste Liquid Risk",TRIM(B8)="Moreton Bay","Commercial Effluent & Sewer Network Blockage Risk",TRIM(B8)="Gold Coast","FOG (Fats, Oils & Grease) Overload Risk",TRIM(B8)="Ipswich","Liquid Trade Waste Compliance & Pathogen Risk",TRUE,"")} -> Commercial Effluent & Sewer Network Blockage Risk | E8: {=_xlfn.IFS(TRIM(B8)="Sunshine Coast","Grease Trap Maintenance Log & Food Safety Supervisor Certificate Validation",TRIM(B8)="Moreton Bay","Unitywater Digital QR Code Tag Scan & Settleable Solids Log",TRIM(B8)="Gold Coast","Licensed Liquid Waste Contractor Extraction & Baffle Structural Check",TRIM(B8)="Ipswich","Urban Utilities Approved Sizing Metric & 25% FOG Accumulation Audit",TRUE,"")} -> Unitywater Digital QR Code Tag Scan & Settleable Solids Log | F8: {=_xlfn.IFS(TRIM(B8)="Sunshine Coast","A mandatory grease arrestor pump-out every 13 weeks minimum",TRIM(B8)="Moreton Bay","Mandatory compliance with Unitywater Trade Waste Policy & scheduled pump-outs",TRIM(B8)="Gold Coast","All wastewater from food prep, floor wastes, and dishwashers must pass through approved trap",TRIM(B8)="Ipswich","Routine cleaning intervals mandated by Urban Utilities (ranging from 4 to 12 weeks)",TRUE,"")} -> Mandatory compliance with Unitywater Trade Waste Policy & scheduled pump-outs | G8: {=_xlfn.IFS(TRIM(B8)="Sunshine Coast", "Unitywater Trade Waste Permit / MS Loop Food Folder", TRIM(B8)="Moreton Bay", "Water Supply (Safety and Reliability) Act 2008 / Unitywater Policy", TRIM(B8)="Gold Coast", "City of Gold Coast Liquid Trade Waste Guidelines", TRIM(B8)="Ipswich", "Urban Utilities Trade Waste Program / Ipswich Environmental Health Regs", TRUE, "")} -> Water Supply (Safety and Reliability) Act 2008 / Unitywater Policy
A9: Elimbah | B9: Sunshine Coast | C9: {=_xlfn.IFS(TRIM(B9)="Sunshine Coast","Sunshine Coast Council",TRIM(B9)="Moreton Bay","City of Moreton Bay",TRIM(B9)="Gold Coast","City of Gold Coast",TRIM(B9)="Ipswich","Ipswich City Council",TRUE,"")} -> Sunshine Coast Council | D9: {=_xlfn.IFS(TRIM(B9)="Sunshine Coast","Biosecurity & Trade Waste Liquid Risk",TRIM(B9)="Moreton Bay","Commercial Effluent & Sewer Network Blockage Risk",TRIM(B9)="Gold Coast","FOG (Fats, Oils & Grease) Overload Risk",TRIM(B9)="Ipswich","Liquid Trade Waste Compliance & Pathogen Risk",TRUE,"")} -> Biosecurity & Trade Waste Liquid Risk | E9: {=_xlfn.IFS(TRIM(B9)="Sunshine Coast","Grease Trap Maintenance Log & Food Safety Supervisor Certificate Validation",TRIM(B9)="Moreton Bay","Unitywater Digital QR Code Tag Scan & Settleable Solids Log",TRIM(B9)="Gold Coast","Licensed Liquid Waste Contractor Extraction & Baffle Structural Check",TRIM(B9)="Ipswich","Urban Utilities Approved Sizing Metric & 25% FOG Accumulation Audit",TRUE,"")} -> Grease Trap Maintenance Log & Food Safety Supervisor Certificate Validation | F9: {=_xlfn.IFS(TRIM(B9)="Sunshine Coast","A mandatory grease arrestor pump-out every 13 weeks minimum",TRIM(B9)="Moreton Bay","Mandatory compliance with Unitywater Trade Waste Policy & scheduled pump-outs",TRIM(B9)="Gold Coast","All wastewater from food prep, floor wastes, and dishwashers must pass through approved trap",TRIM(B9)="Ipswich","Routine cleaning intervals mandated by Urban Utilities (ranging from 4 to 12 weeks)",TRUE,"")} -> A mandatory grease arrestor pump-out every 13 weeks minimum | G9: {=_xlfn.IFS(TRIM(B9)="Sunshine Coast", "Unitywater Trade Waste Permit / MS Loop Food Folder", TRIM(B9)="Moreton Bay", "Water Supply (Safety and Reliability) Act 2008 / Unitywater Policy", TRIM(B9)="Gold Coast", "City of Gold Coast Liquid Trade Waste Guidelines", TRIM(B9)="Ipswich", "Urban Utilities Trade Waste Program / Ipswich Environmental Health Regs", TRUE, "")} -> Unitywater Trade Waste Permit / MS Loop Food Folder
A10: Eudlo | B10: Sunshine Coast | C10: {=_xlfn.IFS(TRIM(B10)="Sunshine Coast","Sunshine Coast Council",TRIM(B10)="Moreton Bay","City of Moreton Bay",TRIM(B10)="Gold Coast","City of Gold Coast",TRIM(B10)="Ipswich","Ipswich City Council",TRUE,"")} -> Sunshine Coast Council | D10: {=_xlfn.IFS(TRIM(B10)="Sunshine Coast","Biosecurity & Trade Waste Liquid Risk",TRIM(B10)="Moreton Bay","Commercial Effluent & Sewer Network Blockage Risk",TRIM(B10)="Gold Coast","FOG (Fats, Oils & Grease) Overload Risk",TRIM(B10)="Ipswich","Liquid Trade Waste Compliance & Pathogen Risk",TRUE,"")} -> Biosecurity & Trade Waste Liquid Risk | E10: {=_xlfn.IFS(TRIM(B10)="Sunshine Coast","Grease Trap Maintenance Log & Food Safety Supervisor Certificate Validation",TRIM(B10)="Moreton Bay","Unitywater Digital QR Code Tag Scan & Settleable Solids Log",TRIM(B10)="Gold Coast","Licensed Liquid Waste Contractor Extraction & Baffle Structural Check",TRIM(B10)="Ipswich","Urban Utilities Approved Sizing Metric & 25% FOG Accumulation Audit",TRUE,"")} -> Grease Trap Maintenance Log & Food Safety Supervisor Certificate Validation | F10: {=_xlfn.IFS(TRIM(B10)="Sunshine Coast","A mandatory grease arrestor pump-out every 13 weeks minimum",TRIM(B10)="Moreton Bay","Mandatory compliance with Unitywater Trade Waste Policy & scheduled pump-outs",TRIM(B10)="Gold Coast","All wastewater from food prep, floor wastes, and dishwashers must pass through approved trap",TRIM(B10)="Ipswich","Routine cleaning intervals mandated by Urban Utilities (ranging from 4 to 12 weeks)",TRUE,"")} -> A mandatory grease arrestor pump-out every 13 weeks minimum | G10: {=_xlfn.IFS(TRIM(B10)="Sunshine Coast", "Unitywater Trade Waste Permit / MS Loop Food Folder", TRIM(B10)="Moreton Bay", "Water Supply (Safety and Reliability) Act 2008 / Unitywater Policy", TRIM(B10)="Gold Coast", "City of Gold Coast Liquid Trade Waste Guidelines", TRIM(B10)="Ipswich", "Urban Utilities Trade Waste Program / Ipswich Environmental Health Regs", TRUE, "")} -> Unitywater Trade Waste Permit / MS Loop Food Folder
A11: Glass House Mountains | B11: Sunshine Coast | C11: {=_xlfn.IFS(TRIM(B11)="Sunshine Coast","Sunshine Coast Council",TRIM(B11)="Moreton Bay","City of Moreton Bay",TRIM(B11)="Gold Coast","City of Gold Coast",TRIM(B11)="Ipswich","Ipswich City Council",TRUE,"")} -> Sunshine Coast Council | D11: {=_xlfn.IFS(TRIM(B11)="Sunshine Coast","Biosecurity & Trade Waste Liquid Risk",TRIM(B11)="Moreton Bay","Commercial Effluent & Sewer Network Blockage Risk",TRIM(B11)="Gold Coast","FOG (Fats, Oils & Grease) Overload Risk",TRIM(B11)="Ipswich","Liquid Trade Waste Compliance & Pathogen Risk",TRUE,"")} -> Biosecurity & Trade Waste Liquid Risk | E11: {=_xlfn.IFS(TRIM(B11)="Sunshine Coast","Grease Trap Maintenance Log & Food Safety Supervisor Certificate Validation",TRIM(B11)="Moreton Bay","Unitywater Digital QR Code Tag Scan & Settleable Solids Log",TRIM(B11)="Gold Coast","Licensed Liquid Waste Contractor Extraction & Baffle Structural Check",TRIM(B11)="Ipswich","Urban Utilities Approved Sizing Metric & 25% FOG Accumulation Audit",TRUE,"")} -> Grease Trap Maintenance Log & Food Safety Supervisor Certificate Validation | F11: {=_xlfn.IFS(TRIM(B11)="Sunshine Coast","A mandatory grease arrestor pump-out every 13 weeks minimum",TRIM(B11)="Moreton Bay","Mandatory compliance with Unitywater Trade Waste Policy & scheduled pump-outs",TRIM(B11)="Gold Coast","All wastewater from food prep, floor wastes, and dishwashers must pass through approved trap",TRIM(B11)="Ipswich","Routine cleaning intervals mandated by Urban Utilities (ranging from 4 to 12 weeks)",TRUE,"")} -> A mandatory grease arrestor pump-out every 13 weeks minimum | G11: {=_xlfn.IFS(TRIM(B11)="Sunshine Coast", "Unitywater Trade Waste Permit / MS Loop Food Folder", TRIM(B11)="Moreton Bay", "Water Supply (Safety and Reliability) Act 2008 / Unitywater Policy", TRIM(B11)="Gold Coast", "City of Gold Coast Liquid Trade Waste Guidelines", TRIM(B11)="Ipswich", "Urban Utilities Trade Waste Program / Ipswich Environmental Health Regs", TRUE, "")} -> Unitywater Trade Waste Permit / MS Loop Food Folder
A12: Helensvale | B12: Gold Coast | C12: {=_xlfn.IFS(TRIM(B12)="Sunshine Coast","Sunshine Coast Council",TRIM(B12)="Moreton Bay","City of Moreton Bay",TRIM(B12)="Gold Coast","City of Gold Coast",TRIM(B12)="Ipswich","Ipswich City Council",TRUE,"")} -> City of Gold Coast | D12: {=_xlfn.IFS(TRIM(B12)="Sunshine Coast","Biosecurity & Trade Waste Liquid Risk",TRIM(B12)="Moreton Bay","Commercial Effluent & Sewer Network Blockage Risk",TRIM(B12)="Gold Coast","FOG (Fats, Oils & Grease) Overload Risk",TRIM(B12)="Ipswich","Liquid Trade Waste Compliance & Pathogen Risk",TRUE,"")} -> FOG (Fats, Oils & Grease) Overload Risk | E12: {=_xlfn.IFS(TRIM(B12)="Sunshine Coast","Grease Trap Maintenance Log & Food Safety Supervisor Certificate Validation",TRIM(B12)="Moreton Bay","Unitywater Digital QR Code Tag Scan & Settleable Solids Log",TRIM(B12)="Gold Coast","Licensed Liquid Waste Contractor Extraction & Baffle Structural Check",TRIM(B12)="Ipswich","Urban Utilities Approved Sizing Metric & 25% FOG Accumulation Audit",TRUE,"")} -> Licensed Liquid Waste Contractor Extraction & Baffle Structural Check | F12: {=_xlfn.IFS(TRIM(B12)="Sunshine Coast","A mandatory grease arrestor pump-out every 13 weeks minimum",TRIM(B12)="Moreton Bay","Mandatory compliance with Unitywater Trade Waste Policy & scheduled pump-outs",TRIM(B12)="Gold Coast","All wastewater from food prep, floor wastes, and dishwashers must pass through approved trap",TRIM(B12)="Ipswich","Routine cleaning intervals mandated by Urban Utilities (ranging from 4 to 12 weeks)",TRUE,"")} -> All wastewater from food prep, floor wastes, and dishwashers must pass through approved trap | G12: {=_xlfn.IFS(TRIM(B12)="Sunshine Coast", "Unitywater Trade Waste Permit / MS Loop Food Folder", TRIM(B12)="Moreton Bay", "Water Supply (Safety and Reliability) Act 2008 / Unitywater Policy", TRIM(B12)="Gold Coast", "City of Gold Coast Liquid Trade Waste Guidelines", TRIM(B12)="Ipswich", "Urban Utilities Trade Waste Program / Ipswich Environmental Health Regs", TRUE, "")} -> City of Gold Coast Liquid Trade Waste Guidelines
A13: Hope Island | B13: Gold Coast | C13: {=_xlfn.IFS(TRIM(B13)="Sunshine Coast","Sunshine Coast Council",TRIM(B13)="Moreton Bay","City of Moreton Bay",TRIM(B13)="Gold Coast","City of Gold Coast",TRIM(B13)="Ipswich","Ipswich City Council",TRUE,"")} -> City of Gold Coast | D13: {=_xlfn.IFS(TRIM(B13)="Sunshine Coast","Biosecurity & Trade Waste Liquid Risk",TRIM(B13)="Moreton Bay","Commercial Effluent & Sewer Network Blockage Risk",TRIM(B13)="Gold Coast","FOG (Fats, Oils & Grease) Overload Risk",TRIM(B13)="Ipswich","Liquid Trade Waste Compliance & Pathogen Risk",TRUE,"")} -> FOG (Fats, Oils & Grease) Overload Risk | E13: {=_xlfn.IFS(TRIM(B13)="Sunshine Coast","Grease Trap Maintenance Log & Food Safety Supervisor Certificate Validation",TRIM(B13)="Moreton Bay","Unitywater Digital QR Code Tag Scan & Settleable Solids Log",TRIM(B13)="Gold Coast","Licensed Liquid Waste Contractor Extraction & Baffle Structural Check",TRIM(B13)="Ipswich","Urban Utilities Approved Sizing Metric & 25% FOG Accumulation Audit",TRUE,"")} -> Licensed Liquid Waste Contractor Extraction & Baffle Structural Check | F13: {=_xlfn.IFS(TRIM(B13)="Sunshine Coast","A mandatory grease arrestor pump-out every 13 weeks minimum",TRIM(B13)="Moreton Bay","Mandatory compliance with Unitywater Trade Waste Policy & scheduled pump-outs",TRIM(B13)="Gold Coast","All wastewater from food prep, floor wastes, and dishwashers must pass through approved trap",TRIM(B13)="Ipswich","Routine cleaning intervals mandated by Urban Utilities (ranging from 4 to 12 weeks)",TRUE,"")} -> All wastewater from food prep, floor wastes, and dishwashers must pass through approved trap | G13: {=_xlfn.IFS(TRIM(B13)="Sunshine Coast", "Unitywater Trade Waste Permit / MS Loop Food Folder", TRIM(B13)="Moreton Bay", "Water Supply (Safety and Reliability) Act 2008 / Unitywater Policy", TRIM(B13)="Gold Coast", "City of Gold Coast Liquid Trade Waste Guidelines", TRIM(B13)="Ipswich", "Urban Utilities Trade Waste Program / Ipswich Environmental Health Regs", TRUE, "")} -> City of Gold Coast Liquid Trade Waste Guidelines
A14: Ipswich CBD | B14: Ipswich | C14: {=_xlfn.IFS(TRIM(B14)="Sunshine Coast","Sunshine Coast Council",TRIM(B14)="Moreton Bay","City of Moreton Bay",TRIM(B14)="Gold Coast","City of Gold Coast",TRIM(B14)="Ipswich","Ipswich City Council",TRUE,"")} -> Ipswich City Council | D14: {=_xlfn.IFS(TRIM(B14)="Sunshine Coast","Biosecurity & Trade Waste Liquid Risk",TRIM(B14)="Moreton Bay","Commercial Effluent & Sewer Network Blockage Risk",TRIM(B14)="Gold Coast","FOG (Fats, Oils & Grease) Overload Risk",TRIM(B14)="Ipswich","Liquid Trade Waste Compliance & Pathogen Risk",TRUE,"")} -> Liquid Trade Waste Compliance & Pathogen Risk | E14: {=_xlfn.IFS(TRIM(B14)="Sunshine Coast","Grease Trap Maintenance Log & Food Safety Supervisor Certificate Validation",TRIM(B14)="Moreton Bay","Unitywater Digital QR Code Tag Scan & Settleable Solids Log",TRIM(B14)="Gold Coast","Licensed Liquid Waste Contractor Extraction & Baffle Structural Check",TRIM(B14)="Ipswich","Urban Utilities Approved Sizing Metric & 25% FOG Accumulation Audit",TRUE,"")} -> Urban Utilities Approved Sizing Metric & 25% FOG Accumulation Audit | F14: {=_xlfn.IFS(TRIM(B14)="Sunshine Coast","A mandatory grease arrestor pump-out every 13 weeks minimum",TRIM(B14)="Moreton Bay","Mandatory compliance with Unitywater Trade Waste Policy & scheduled pump-outs",TRIM(B14)="Gold Coast","All wastewater from food prep, floor wastes, and dishwashers must pass through approved trap",TRIM(B14)="Ipswich","Routine cleaning intervals mandated by Urban Utilities (ranging from 4 to 12 weeks)",TRUE,"")} -> Routine cleaning intervals mandated by Urban Utilities (ranging from 4 to 12 weeks) | G14: {=_xlfn.IFS(TRIM(B14)="Sunshine Coast", "Unitywater Trade Waste Permit / MS Loop Food Folder", TRIM(B14)="Moreton Bay", "Water Supply (Safety and Reliability) Act 2008 / Unitywater Policy", TRIM(B14)="Gold Coast", "City of Gold Coast Liquid Trade Waste Guidelines", TRIM(B14)="Ipswich", "Urban Utilities Trade Waste Program / Ipswich Environmental Health Regs", TRUE, "")} -> Urban Utilities Trade Waste Program / Ipswich Environmental Health Regs
... A38: Woombye | B38: Sunshine Coast | C38: {=_xlfn.IFS(TRIM(B38)="Sunshine Coast","Sunshine Coast Council",TRIM(B38)="Moreton Bay","City of Moreton Bay",TRIM(B38)="Gold Coast","City of Gold Coast",TRIM(B38)="Ipswich","Ipswich City Council",TRUE,"")} -> Sunshine Coast Council | D38: {=_xlfn.IFS(TRIM(B38)="Sunshine Coast","Biosecurity & Trade Waste Liquid Risk",TRIM(B38)="Moreton Bay","Commercial Effluent & Sewer Network Blockage Risk",TRIM(B38)="Gold Coast","FOG (Fats, Oils & Grease) Overload Risk",TRIM(B38)="Ipswich","Liquid Trade Waste Compliance & Pathogen Risk",TRUE,"")} -> Biosecurity & Trade Waste Liquid Risk | E38: {=_xlfn.IFS(TRIM(B38)="Sunshine Coast","Grease Trap Maintenance Log & Food Safety Supervisor Certificate Validation",TRIM(B38)="Moreton Bay","Unitywater Digital QR Code Tag Scan & Settleable Solids Log",TRIM(B38)="Gold Coast","Licensed Liquid Waste Contractor Extraction & Baffle Structural Check",TRIM(B38)="Ipswich","Urban Utilities Approved Sizing Metric & 25% FOG Accumulation Audit",TRUE,"")} -> Grease Trap Maintenance Log & Food Safety Supervisor Certificate Validation | F38: {=_xlfn.IFS(TRIM(B38)="Sunshine Coast","A mandatory grease arrestor pump-out every 13 weeks minimum",TRIM(B38)="Moreton Bay","Mandatory compliance with Unitywater Trade Waste Policy & scheduled pump-outs",TRIM(B38)="Gold Coast","All wastewater from food prep, floor wastes, and dishwashers must pass through approved trap",TRIM(B38)="Ipswich","Routine cleaning intervals mandated by Urban Utilities (ranging from 4 to 12 weeks)",TRUE,"")} -> A mandatory grease arrestor pump-out every 13 weeks minimum | G38: {=_xlfn.IFS(TRIM(B38)="Sunshine Coast", "Unitywater Trade Waste Permit / MS Loop Food Folder", TRIM(B38)="Moreton Bay", "Water Supply (Safety and Reliability) Act 2008 / Unitywater Policy", TRIM(B38)="Gold Coast", "City of Gold Coast Liquid Trade Waste Guidelines", TRIM(B38)="Ipswich", "Urban Utilities Trade Waste Program / Ipswich Environmental Health Regs", TRUE, "")} -> Unitywater Trade Waste Permit / MS Loop Food Folder

Sheet Furniture
A1: Furniture Data from Gold Coast to Sunshine Coast | H1: Date | I1: 26.06.2026
A2: Suburb / Node | B2: Geographic Zone | C2: Governance Authority | D2: Key Risk Category | E2: Compliance Checklist / Metric | F2: Requirements | G2: Data Source / Link
A3: Beerburrum | B3: Sunshine Coast | C3: {=_xlfn.IFS(TRIM(B3)="Sunshine Coast","Sunshine Coast Council",TRIM(B3)="Moreton Bay","City of Moreton Bay",TRIM(B3)="Gold Coast","City of Gold Coast",TRIM(B3)="Ipswich","Ipswich City Council",TRUE,"")} -> Sunshine Coast Council | D3: {=_xlfn.IFS(TRIM(B3)="Sunshine Coast", "Combustible Dust Control & Air Quality Risk", TRIM(B3)="Moreton Bay", "Surface Coating & Hazardous Chemical Vapor Risk", TRIM(B3)="Gold Coast", "Industrial Noise & Fine Particulate Matter Risk", TRIM(B3)="Ipswich", "Solid Timber Waste & Stockpile Fire Risk", TRUE, "")} -> Combustible Dust Control & Air Quality Risk | E3: {=_xlfn.IFS(TRIM(B3)="Sunshine Coast", "LEV (Local Exhaust Ventilation) Particle Testing & Pressure Drop Log", TRIM(B3)="Moreton Bay", "Spray Booth Airflow Velocity Log & VOC Emission Check", TRIM(B3)="Gold Coast", "Boundary Acoustic dB Measurement & Baghouse Filter Differential Pressure Audit", TRIM(B3)="Ipswich", "Timber Waste Skip Clearance Frequency & Dust Extraction Silo Spark Detection Log", TRUE, "")} -> LEV (Local Exhaust Ventilation) Particle Testing & Pressure Drop Log | F3: {=_xlfn.IFS(TRIM(B3)="Sunshine Coast", "Maintain dust extraction air velocity above 20 m/s at all extraction hoods", TRIM(B3)="Moreton Bay", "Comply with AS/NZS 4114 for spray painting booths and maintain active charcoal filters", TRIM(B3)="Gold Coast", "Enclose high-noise machinery (CNC routers, planers) and monitor exhaust filter integrity daily", TRIM(B3)="Ipswich", "Clear sawdust silos before reaching 80% capacity and separate treated vs. untreated timber scraps", TRUE, "")} -> Maintain dust extraction air velocity above 20 m/s at all extraction hoods | G3: {=_xlfn.IFS(TRIM(B3)="Sunshine Coast", "WorkSafe QLD Woodworking Code / MS Loop Furniture Folder", TRIM(B3)="Moreton Bay", "Environmental Protection Regulation 2019 (Surface Coating)", TRIM(B3)="Gold Coast", "City of Gold Coast Noise Management Guidelines", TRIM(B3)="Ipswich", "Ipswich City Council Waste Management Bylaws / Loop Master Register", TRUE, "")} -> WorkSafe QLD Woodworking Code / MS Loop Furniture Folder
A4: Beerwah | B4: Sunshine Coast | C4: {=_xlfn.IFS(TRIM(B4)="Sunshine Coast","Sunshine Coast Council",TRIM(B4)="Moreton Bay","City of Moreton Bay",TRIM(B4)="Gold Coast","City of Gold Coast",TRIM(B4)="Ipswich","Ipswich City Council",TRUE,"")} -> Sunshine Coast Council | D4: {=_xlfn.IFS(TRIM(B4)="Sunshine Coast", "Combustible Dust Control & Air Quality Risk", TRIM(B4)="Moreton Bay", "Surface Coating & Hazardous Chemical Vapor Risk", TRIM(B4)="Gold Coast", "Industrial Noise & Fine Particulate Matter Risk", TRIM(B4)="Ipswich", "Solid Timber Waste & Stockpile Fire Risk", TRUE, "")} -> Combustible Dust Control & Air Quality Risk | E4: {=_xlfn.IFS(TRIM(B4)="Sunshine Coast", "LEV (Local Exhaust Ventilation) Particle Testing & Pressure Drop Log", TRIM(B4)="Moreton Bay", "Spray Booth Airflow Velocity Log & VOC Emission Check", TRIM(B4)="Gold Coast", "Boundary Acoustic dB Measurement & Baghouse Filter Differential Pressure Audit", TRIM(B4)="Ipswich", "Timber Waste Skip Clearance Frequency & Dust Extraction Silo Spark Detection Log", TRUE, "")} -> LEV (Local Exhaust Ventilation) Particle Testing & Pressure Drop Log | F4: {=_xlfn.IFS(TRIM(B4)="Sunshine Coast", "Maintain dust extraction air velocity above 20 m/s at all extraction hoods", TRIM(B4)="Moreton Bay", "Comply with AS/NZS 4114 for spray painting booths and maintain active charcoal filters", TRIM(B4)="Gold Coast", "Enclose high-noise machinery (CNC routers, planers) and monitor exhaust filter integrity daily", TRIM(B4)="Ipswich", "Clear sawdust silos before reaching 80% capacity and separate treated vs. untreated timber scraps", TRUE, "")} -> Maintain dust extraction air velocity above 20 m/s at all extraction hoods | G4: {=_xlfn.IFS(TRIM(B4)="Sunshine Coast", "WorkSafe QLD Woodworking Code / MS Loop Furniture Folder", TRIM(B4)="Moreton Bay", "Environmental Protection Regulation 2019 (Surface Coating)", TRIM(B4)="Gold Coast", "City of Gold Coast Noise Management Guidelines", TRIM(B4)="Ipswich", "Ipswich City Council Waste Management Bylaws / Loop Master Register", TRUE, "")} -> WorkSafe QLD Woodworking Code / MS Loop Furniture Folder
A5: Burpengary | B5: Moreton Bay | C5: {=_xlfn.IFS(TRIM(B5)="Sunshine Coast","Sunshine Coast Council",TRIM(B5)="Moreton Bay","City of Moreton Bay",TRIM(B5)="Gold Coast","City of Gold Coast",TRIM(B5)="Ipswich","Ipswich City Council",TRUE,"")} -> City of Moreton Bay | D5: {=_xlfn.IFS(TRIM(B5)="Sunshine Coast", "Combustible Dust Control & Air Quality Risk", TRIM(B5)="Moreton Bay", "Surface Coating & Hazardous Chemical Vapor Risk", TRIM(B5)="Gold Coast", "Industrial Noise & Fine Particulate Matter Risk", TRIM(B5)="Ipswich", "Solid Timber Waste & Stockpile Fire Risk", TRUE, "")} -> Surface Coating & Hazardous Chemical Vapor Risk | E5: {=_xlfn.IFS(TRIM(B5)="Sunshine Coast", "LEV (Local Exhaust Ventilation) Particle Testing & Pressure Drop Log", TRIM(B5)="Moreton Bay", "Spray Booth Airflow Velocity Log & VOC Emission Check", TRIM(B5)="Gold Coast", "Boundary Acoustic dB Measurement & Baghouse Filter Differential Pressure Audit", TRIM(B5)="Ipswich", "Timber Waste Skip Clearance Frequency & Dust Extraction Silo Spark Detection Log", TRUE, "")} -> Spray Booth Airflow Velocity Log & VOC Emission Check | F5: {=_xlfn.IFS(TRIM(B5)="Sunshine Coast", "Maintain dust extraction air velocity above 20 m/s at all extraction hoods", TRIM(B5)="Moreton Bay", "Comply with AS/NZS 4114 for spray painting booths and maintain active charcoal filters", TRIM(B5)="Gold Coast", "Enclose high-noise machinery (CNC routers, planers) and monitor exhaust filter integrity daily", TRIM(B5)="Ipswich", "Clear sawdust silos before reaching 80% capacity and separate treated vs. untreated timber scraps", TRUE, "")} -> Comply with AS/NZS 4114 for spray painting booths and maintain active charcoal filters | G5: {=_xlfn.IFS(TRIM(B5)="Sunshine Coast", "WorkSafe QLD Woodworking Code / MS Loop Furniture Folder", TRIM(B5)="Moreton Bay", "Environmental Protection Regulation 2019 (Surface Coating)", TRIM(B5)="Gold Coast", "City of Gold Coast Noise Management Guidelines", TRIM(B5)="Ipswich", "Ipswich City Council Waste Management Bylaws / Loop Master Register", TRUE, "")} -> Environmental Protection Regulation 2019 (Surface Coating)
A6: Caboolture | B6: Moreton Bay | C6: {=_xlfn.IFS(TRIM(B6)="Sunshine Coast","Sunshine Coast Council",TRIM(B6)="Moreton Bay","City of Moreton Bay",TRIM(B6)="Gold Coast","City of Gold Coast",TRIM(B6)="Ipswich","Ipswich City Council",TRUE,"")} -> City of Moreton Bay | D6: {=_xlfn.IFS(TRIM(B6)="Sunshine Coast", "Combustible Dust Control & Air Quality Risk", TRIM(B6)="Moreton Bay", "Surface Coating & Hazardous Chemical Vapor Risk", TRIM(B6)="Gold Coast", "Industrial Noise & Fine Particulate Matter Risk", TRIM(B6)="Ipswich", "Solid Timber Waste & Stockpile Fire Risk", TRUE, "")} -> Surface Coating & Hazardous Chemical Vapor Risk | E6: {=_xlfn.IFS(TRIM(B6)="Sunshine Coast", "LEV (Local Exhaust Ventilation) Particle Testing & Pressure Drop Log", TRIM(B6)="Moreton Bay", "Spray Booth Airflow Velocity Log & VOC Emission Check", TRIM(B6)="Gold Coast", "Boundary Acoustic dB Measurement & Baghouse Filter Differential Pressure Audit", TRIM(B6)="Ipswich", "Timber Waste Skip Clearance Frequency & Dust Extraction Silo Spark Detection Log", TRUE, "")} -> Spray Booth Airflow Velocity Log & VOC Emission Check | F6: {=_xlfn.IFS(TRIM(B6)="Sunshine Coast", "Maintain dust extraction air velocity above 20 m/s at all extraction hoods", TRIM(B6)="Moreton Bay", "Comply with AS/NZS 4114 for spray painting booths and maintain active charcoal filters", TRIM(B6)="Gold Coast", "Enclose high-noise machinery (CNC routers, planers) and monitor exhaust filter integrity daily", TRIM(B6)="Ipswich", "Clear sawdust silos before reaching 80% capacity and separate treated vs. untreated timber scraps", TRUE, "")} -> Comply with AS/NZS 4114 for spray painting booths and maintain active charcoal filters | G6: {=_xlfn.IFS(TRIM(B6)="Sunshine Coast", "WorkSafe QLD Woodworking Code / MS Loop Furniture Folder", TRIM(B6)="Moreton Bay", "Environmental Protection Regulation 2019 (Surface Coating)", TRIM(B6)="Gold Coast", "City of Gold Coast Noise Management Guidelines", TRIM(B6)="Ipswich", "Ipswich City Council Waste Management Bylaws / Loop Master Register", TRUE, "")} -> Environmental Protection Regulation 2019 (Surface Coating)
A7: Coomera | B7: Gold Coast | C7: {=_xlfn.IFS(TRIM(B7)="Sunshine Coast","Sunshine Coast Council",TRIM(B7)="Moreton Bay","City of Moreton Bay",TRIM(B7)="Gold Coast","City of Gold Coast",TRIM(B7)="Ipswich","Ipswich City Council",TRUE,"")} -> City of Gold Coast | D7: {=_xlfn.IFS(TRIM(B7)="Sunshine Coast", "Combustible Dust Control & Air Quality Risk", TRIM(B7)="Moreton Bay", "Surface Coating & Hazardous Chemical Vapor Risk", TRIM(B7)="Gold Coast", "Industrial Noise & Fine Particulate Matter Risk", TRIM(B7)="Ipswich", "Solid Timber Waste & Stockpile Fire Risk", TRUE, "")} -> Industrial Noise & Fine Particulate Matter Risk | E7: {=_xlfn.IFS(TRIM(B7)="Sunshine Coast", "LEV (Local Exhaust Ventilation) Particle Testing & Pressure Drop Log", TRIM(B7)="Moreton Bay", "Spray Booth Airflow Velocity Log & VOC Emission Check", TRIM(B7)="Gold Coast", "Boundary Acoustic dB Measurement & Baghouse Filter Differential Pressure Audit", TRIM(B7)="Ipswich", "Timber Waste Skip Clearance Frequency & Dust Extraction Silo Spark Detection Log", TRUE, "")} -> Boundary Acoustic dB Measurement & Baghouse Filter Differential Pressure Audit | F7: {=_xlfn.IFS(TRIM(B7)="Sunshine Coast", "Maintain dust extraction air velocity above 20 m/s at all extraction hoods", TRIM(B7)="Moreton Bay", "Comply with AS/NZS 4114 for spray painting booths and maintain active charcoal filters", TRIM(B7)="Gold Coast", "Enclose high-noise machinery (CNC routers, planers) and monitor exhaust filter integrity daily", TRIM(B7)="Ipswich", "Clear sawdust silos before reaching 80% capacity and separate treated vs. untreated timber scraps", TRUE, "")} -> Enclose high-noise machinery (CNC routers, planers) and monitor exhaust filter integrity daily | G7: {=_xlfn.IFS(TRIM(B7)="Sunshine Coast", "WorkSafe QLD Woodworking Code / MS Loop Furniture Folder", TRIM(B7)="Moreton Bay", "Environmental Protection Regulation 2019 (Surface Coating)", TRIM(B7)="Gold Coast", "City of Gold Coast Noise Management Guidelines", TRIM(B7)="Ipswich", "Ipswich City Council Waste Management Bylaws / Loop Master Register", TRUE, "")} -> City of Gold Coast Noise Management Guidelines
A8: Dakabin | B8: Moreton Bay | C8: {=_xlfn.IFS(TRIM(B8)="Sunshine Coast","Sunshine Coast Council",TRIM(B8)="Moreton Bay","City of Moreton Bay",TRIM(B8)="Gold Coast","City of Gold Coast",TRIM(B8)="Ipswich","Ipswich City Council",TRUE,"")} -> City of Moreton Bay | D8: {=_xlfn.IFS(TRIM(B8)="Sunshine Coast", "Combustible Dust Control & Air Quality Risk", TRIM(B8)="Moreton Bay", "Surface Coating & Hazardous Chemical Vapor Risk", TRIM(B8)="Gold Coast", "Industrial Noise & Fine Particulate Matter Risk", TRIM(B8)="Ipswich", "Solid Timber Waste & Stockpile Fire Risk", TRUE, "")} -> Surface Coating & Hazardous Chemical Vapor Risk | E8: {=_xlfn.IFS(TRIM(B8)="Sunshine Coast", "LEV (Local Exhaust Ventilation) Particle Testing & Pressure Drop Log", TRIM(B8)="Moreton Bay", "Spray Booth Airflow Velocity Log & VOC Emission Check", TRIM(B8)="Gold Coast", "Boundary Acoustic dB Measurement & Baghouse Filter Differential Pressure Audit", TRIM(B8)="Ipswich", "Timber Waste Skip Clearance Frequency & Dust Extraction Silo Spark Detection Log", TRUE, "")} -> Spray Booth Airflow Velocity Log & VOC Emission Check | F8: {=_xlfn.IFS(TRIM(B8)="Sunshine Coast", "Maintain dust extraction air velocity above 20 m/s at all extraction hoods", TRIM(B8)="Moreton Bay", "Comply with AS/NZS 4114 for spray painting booths and maintain active charcoal filters", TRIM(B8)="Gold Coast", "Enclose high-noise machinery (CNC routers, planers) and monitor exhaust filter integrity daily", TRIM(B8)="Ipswich", "Clear sawdust silos before reaching 80% capacity and separate treated vs. untreated timber scraps", TRUE, "")} -> Comply with AS/NZS 4114 for spray painting booths and maintain active charcoal filters | G8: {=_xlfn.IFS(TRIM(B8)="Sunshine Coast", "WorkSafe QLD Woodworking Code / MS Loop Furniture Folder", TRIM(B8)="Moreton Bay", "Environmental Protection Regulation 2019 (Surface Coating)", TRIM(B8)="Gold Coast", "City of Gold Coast Noise Management Guidelines", TRIM(B8)="Ipswich", "Ipswich City Council Waste Management Bylaws / Loop Master Register", TRUE, "")} -> Environmental Protection Regulation 2019 (Surface Coating)
A9: Elimbah | B9: Sunshine Coast | C9: {=_xlfn.IFS(TRIM(B9)="Sunshine Coast","Sunshine Coast Council",TRIM(B9)="Moreton Bay","City of Moreton Bay",TRIM(B9)="Gold Coast","City of Gold Coast",TRIM(B9)="Ipswich","Ipswich City Council",TRUE,"")} -> Sunshine Coast Council | D9: {=_xlfn.IFS(TRIM(B9)="Sunshine Coast", "Combustible Dust Control & Air Quality Risk", TRIM(B9)="Moreton Bay", "Surface Coating & Hazardous Chemical Vapor Risk", TRIM(B9)="Gold Coast", "Industrial Noise & Fine Particulate Matter Risk", TRIM(B9)="Ipswich", "Solid Timber Waste & Stockpile Fire Risk", TRUE, "")} -> Combustible Dust Control & Air Quality Risk | E9: {=_xlfn.IFS(TRIM(B9)="Sunshine Coast", "LEV (Local Exhaust Ventilation) Particle Testing & Pressure Drop Log", TRIM(B9)="Moreton Bay", "Spray Booth Airflow Velocity Log & VOC Emission Check", TRIM(B9)="Gold Coast", "Boundary Acoustic dB Measurement & Baghouse Filter Differential Pressure Audit", TRIM(B9)="Ipswich", "Timber Waste Skip Clearance Frequency & Dust Extraction Silo Spark Detection Log", TRUE, "")} -> LEV (Local Exhaust Ventilation) Particle Testing & Pressure Drop Log | F9: {=_xlfn.IFS(TRIM(B9)="Sunshine Coast", "Maintain dust extraction air velocity above 20 m/s at all extraction hoods", TRIM(B9)="Moreton Bay", "Comply with AS/NZS 4114 for spray painting booths and maintain active charcoal filters", TRIM(B9)="Gold Coast", "Enclose high-noise machinery (CNC routers, planers) and monitor exhaust filter integrity daily", TRIM(B9)="Ipswich", "Clear sawdust silos before reaching 80% capacity and separate treated vs. untreated timber scraps", TRUE, "")} -> Maintain dust extraction air velocity above 20 m/s at all extraction hoods | G9: {=_xlfn.IFS(TRIM(B9)="Sunshine Coast", "WorkSafe QLD Woodworking Code / MS Loop Furniture Folder", TRIM(B9)="Moreton Bay", "Environmental Protection Regulation 2019 (Surface Coating)", TRIM(B9)="Gold Coast", "City of Gold Coast Noise Management Guidelines", TRIM(B9)="Ipswich", "Ipswich City Council Waste Management Bylaws / Loop Master Register", TRUE, "")} -> WorkSafe QLD Woodworking Code / MS Loop Furniture Folder
A10: Eudlo | B10: Sunshine Coast | C10: {=_xlfn.IFS(TRIM(B10)="Sunshine Coast","Sunshine Coast Council",TRIM(B10)="Moreton Bay","City of Moreton Bay",TRIM(B10)="Gold Coast","City of Gold Coast",TRIM(B10)="Ipswich","Ipswich City Council",TRUE,"")} -> Sunshine Coast Council | D10: {=_xlfn.IFS(TRIM(B10)="Sunshine Coast", "Combustible Dust Control & Air Quality Risk", TRIM(B10)="Moreton Bay", "Surface Coating & Hazardous Chemical Vapor Risk", TRIM(B10)="Gold Coast", "Industrial Noise & Fine Particulate Matter Risk", TRIM(B10)="Ipswich", "Solid Timber Waste & Stockpile Fire Risk", TRUE, "")} -> Combustible Dust Control & Air Quality Risk | E10: {=_xlfn.IFS(TRIM(B10)="Sunshine Coast", "LEV (Local Exhaust Ventilation) Particle Testing & Pressure Drop Log", TRIM(B10)="Moreton Bay", "Spray Booth Airflow Velocity Log & VOC Emission Check", TRIM(B10)="Gold Coast", "Boundary Acoustic dB Measurement & Baghouse Filter Differential Pressure Audit", TRIM(B10)="Ipswich", "Timber Waste Skip Clearance Frequency & Dust Extraction Silo Spark Detection Log", TRUE, "")} -> LEV (Local Exhaust Ventilation) Particle Testing & Pressure Drop Log | F10: {=_xlfn.IFS(TRIM(B10)="Sunshine Coast", "Maintain dust extraction air velocity above 20 m/s at all extraction hoods", TRIM(B10)="Moreton Bay", "Comply with AS/NZS 4114 for spray painting booths and maintain active charcoal filters", TRIM(B10)="Gold Coast", "Enclose high-noise machinery (CNC routers, planers) and monitor exhaust filter integrity daily", TRIM(B10)="Ipswich", "Clear sawdust silos before reaching 80% capacity and separate treated vs. untreated timber scraps", TRUE, "")} -> Maintain dust extraction air velocity above 20 m/s at all extraction hoods | G10: {=_xlfn.IFS(TRIM(B10)="Sunshine Coast", "WorkSafe QLD Woodworking Code / MS Loop Furniture Folder", TRIM(B10)="Moreton Bay", "Environmental Protection Regulation 2019 (Surface Coating)", TRIM(B10)="Gold Coast", "City of Gold Coast Noise Management Guidelines", TRIM(B10)="Ipswich", "Ipswich City Council Waste Management Bylaws / Loop Master Register", TRUE, "")} -> WorkSafe QLD Woodworking Code / MS Loop Furniture Folder
A11: Glass House Mountains | B11: Sunshine Coast | C11: {=_xlfn.IFS(TRIM(B11)="Sunshine Coast","Sunshine Coast Council",TRIM(B11)="Moreton Bay","City of Moreton Bay",TRIM(B11)="Gold Coast","City of Gold Coast",TRIM(B11)="Ipswich","Ipswich City Council",TRUE,"")} -> Sunshine Coast Council | D11: {=_xlfn.IFS(TRIM(B11)="Sunshine Coast", "Combustible Dust Control & Air Quality Risk", TRIM(B11)="Moreton Bay", "Surface Coating & Hazardous Chemical Vapor Risk", TRIM(B11)="Gold Coast", "Industrial Noise & Fine Particulate Matter Risk", TRIM(B11)="Ipswich", "Solid Timber Waste & Stockpile Fire Risk", TRUE, "")} -> Combustible Dust Control & Air Quality Risk | E11: {=_xlfn.IFS(TRIM(B11)="Sunshine Coast", "LEV (Local Exhaust Ventilation) Particle Testing & Pressure Drop Log", TRIM(B11)="Moreton Bay", "Spray Booth Airflow Velocity Log & VOC Emission Check", TRIM(B11)="Gold Coast", "Boundary Acoustic dB Measurement & Baghouse Filter Differential Pressure Audit", TRIM(B11)="Ipswich", "Timber Waste Skip Clearance Frequency & Dust Extraction Silo Spark Detection Log", TRUE, "")} -> LEV (Local Exhaust Ventilation) Particle Testing & Pressure Drop Log | F11: {=_xlfn.IFS(TRIM(B11)="Sunshine Coast", "Maintain dust extraction air velocity above 20 m/s at all extraction hoods", TRIM(B11)="Moreton Bay", "Comply with AS/NZS 4114 for spray painting booths and maintain active charcoal filters", TRIM(B11)="Gold Coast", "Enclose high-noise machinery (CNC routers, planers) and monitor exhaust filter integrity daily", TRIM(B11)="Ipswich", "Clear sawdust silos before reaching 80% capacity and separate treated vs. untreated timber scraps", TRUE, "")} -> Maintain dust extraction air velocity above 20 m/s at all extraction hoods | G11: {=_xlfn.IFS(TRIM(B11)="Sunshine Coast", "WorkSafe QLD Woodworking Code / MS Loop Furniture Folder", TRIM(B11)="Moreton Bay", "Environmental Protection Regulation 2019 (Surface Coating)", TRIM(B11)="Gold Coast", "City of Gold Coast Noise Management Guidelines", TRIM(B11)="Ipswich", "Ipswich City Council Waste Management Bylaws / Loop Master Register", TRUE, "")} -> WorkSafe QLD Woodworking Code / MS Loop Furniture Folder
A12: Helensvale | B12: Gold Coast | C12: {=_xlfn.IFS(TRIM(B12)="Sunshine Coast","Sunshine Coast Council",TRIM(B12)="Moreton Bay","City of Moreton Bay",TRIM(B12)="Gold Coast","City of Gold Coast",TRIM(B12)="Ipswich","Ipswich City Council",TRUE,"")} -> City of Gold Coast | D12: {=_xlfn.IFS(TRIM(B12)="Sunshine Coast", "Combustible Dust Control & Air Quality Risk", TRIM(B12)="Moreton Bay", "Surface Coating & Hazardous Chemical Vapor Risk", TRIM(B12)="Gold Coast", "Industrial Noise & Fine Particulate Matter Risk", TRIM(B12)="Ipswich", "Solid Timber Waste & Stockpile Fire Risk", TRUE, "")} -> Industrial Noise & Fine Particulate Matter Risk | E12: {=_xlfn.IFS(TRIM(B12)="Sunshine Coast", "LEV (Local Exhaust Ventilation) Particle Testing & Pressure Drop Log", TRIM(B12)="Moreton Bay", "Spray Booth Airflow Velocity Log & VOC Emission Check", TRIM(B12)="Gold Coast", "Boundary Acoustic dB Measurement & Baghouse Filter Differential Pressure Audit", TRIM(B12)="Ipswich", "Timber Waste Skip Clearance Frequency & Dust Extraction Silo Spark Detection Log", TRUE, "")} -> Boundary Acoustic dB Measurement & Baghouse Filter Differential Pressure Audit | F12: {=_xlfn.IFS(TRIM(B12)="Sunshine Coast", "Maintain dust extraction air velocity above 20 m/s at all extraction hoods", TRIM(B12)="Moreton Bay", "Comply with AS/NZS 4114 for spray painting booths and maintain active charcoal filters", TRIM(B12)="Gold Coast", "Enclose high-noise machinery (CNC routers, planers) and monitor exhaust filter integrity daily", TRIM(B12)="Ipswich", "Clear sawdust silos before reaching 80% capacity and separate treated vs. untreated timber scraps", TRUE, "")} -> Enclose high-noise machinery (CNC routers, planers) and monitor exhaust filter integrity daily | G12: {=_xlfn.IFS(TRIM(B12)="Sunshine Coast", "WorkSafe QLD Woodworking Code / MS Loop Furniture Folder", TRIM(B12)="Moreton Bay", "Environmental Protection Regulation 2019 (Surface Coating)", TRIM(B12)="Gold Coast", "City of Gold Coast Noise Management Guidelines", TRIM(B12)="Ipswich", "Ipswich City Council Waste Management Bylaws / Loop Master Register", TRUE, "")} -> City of Gold Coast Noise Management Guidelines
A13: Hope Island | B13: Gold Coast | C13: {=_xlfn.IFS(TRIM(B13)="Sunshine Coast","Sunshine Coast Council",TRIM(B13)="Moreton Bay","City of Moreton Bay",TRIM(B13)="Gold Coast","City of Gold Coast",TRIM(B13)="Ipswich","Ipswich City Council",TRUE,"")} -> City of Gold Coast | D13: {=_xlfn.IFS(TRIM(B13)="Sunshine Coast", "Combustible Dust Control & Air Quality Risk", TRIM(B13)="Moreton Bay", "Surface Coating & Hazardous Chemical Vapor Risk", TRIM(B13)="Gold Coast", "Industrial Noise & Fine Particulate Matter Risk", TRIM(B13)="Ipswich", "Solid Timber Waste & Stockpile Fire Risk", TRUE, "")} -> Industrial Noise & Fine Particulate Matter Risk | E13: {=_xlfn.IFS(TRIM(B13)="Sunshine Coast", "LEV (Local Exhaust Ventilation) Particle Testing & Pressure Drop Log", TRIM(B13)="Moreton Bay", "Spray Booth Airflow Velocity Log & VOC Emission Check", TRIM(B13)="Gold Coast", "Boundary Acoustic dB Measurement & Baghouse Filter Differential Pressure Audit", TRIM(B13)="Ipswich", "Timber Waste Skip Clearance Frequency & Dust Extraction Silo Spark Detection Log", TRUE, "")} -> Boundary Acoustic dB Measurement & Baghouse Filter Differential Pressure Audit | F13: {=_xlfn.IFS(TRIM(B13)="Sunshine Coast", "Maintain dust extraction air velocity above 20 m/s at all extraction hoods", TRIM(B13)="Moreton Bay", "Comply with AS/NZS 4114 for spray painting booths and maintain active charcoal filters", TRIM(B13)="Gold Coast", "Enclose high-noise machinery (CNC routers, planers) and monitor exhaust filter integrity daily", TRIM(B13)="Ipswich", "Clear sawdust silos before reaching 80% capacity and separate treated vs. untreated timber scraps", TRUE, "")} -> Enclose high-noise machinery (CNC routers, planers) and monitor exhaust filter integrity daily | G13: {=_xlfn.IFS(TRIM(B13)="Sunshine Coast", "WorkSafe QLD Woodworking Code / MS Loop Furniture Folder", TRIM(B13)="Moreton Bay", "Environmental Protection Regulation 2019 (Surface Coating)", TRIM(B13)="Gold Coast", "City of Gold Coast Noise Management Guidelines", TRIM(B13)="Ipswich", "Ipswich City Council Waste Management Bylaws / Loop Master Register", TRUE, "")} -> City of Gold Coast Noise Management Guidelines
A14: Ipswich CBD | B14: Ipswich | C14: {=_xlfn.IFS(TRIM(B14)="Sunshine Coast","Sunshine Coast Council",TRIM(B14)="Moreton Bay","City of Moreton Bay",TRIM(B14)="Gold Coast","City of Gold Coast",TRIM(B14)="Ipswich","Ipswich City Council",TRUE,"")} -> Ipswich City Council | D14: {=_xlfn.IFS(TRIM(B14)="Sunshine Coast", "Combustible Dust Control & Air Quality Risk", TRIM(B14)="Moreton Bay", "Surface Coating & Hazardous Chemical Vapor Risk", TRIM(B14)="Gold Coast", "Industrial Noise & Fine Particulate Matter Risk", TRIM(B14)="Ipswich", "Solid Timber Waste & Stockpile Fire Risk", TRUE, "")} -> Solid Timber Waste & Stockpile Fire Risk | E14: {=_xlfn.IFS(TRIM(B14)="Sunshine Coast", "LEV (Local Exhaust Ventilation) Particle Testing & Pressure Drop Log", TRIM(B14)="Moreton Bay", "Spray Booth Airflow Velocity Log & VOC Emission Check", TRIM(B14)="Gold Coast", "Boundary Acoustic dB Measurement & Baghouse Filter Differential Pressure Audit", TRIM(B14)="Ipswich", "Timber Waste Skip Clearance Frequency & Dust Extraction Silo Spark Detection Log", TRUE, "")} -> Timber Waste Skip Clearance Frequency & Dust Extraction Silo Spark Detection Log | F14: {=_xlfn.IFS(TRIM(B14)="Sunshine Coast", "Maintain dust extraction air velocity above 20 m/s at all extraction hoods", TRIM(B14)="Moreton Bay", "Comply with AS/NZS 4114 for spray painting booths and maintain active charcoal filters", TRIM(B14)="Gold Coast", "Enclose high-noise machinery (CNC routers, planers) and monitor exhaust filter integrity daily", TRIM(B14)="Ipswich", "Clear sawdust silos before reaching 80% capacity and separate treated vs. untreated timber scraps", TRUE, "")} -> Clear sawdust silos before reaching 80% capacity and separate treated vs. untreated timber scraps | G14: {=_xlfn.IFS(TRIM(B14)="Sunshine Coast", "WorkSafe QLD Woodworking Code / MS Loop Furniture Folder", TRIM(B14)="Moreton Bay", "Environmental Protection Regulation 2019 (Surface Coating)", TRIM(B14)="Gold Coast", "City of Gold Coast Noise Management Guidelines", TRIM(B14)="Ipswich", "Ipswich City Council Waste Management Bylaws / Loop Master Register", TRUE, "")} -> Ipswich City Council Waste Management Bylaws / Loop Master Register
... A38: Woombye | B38: Sunshine Coast | C38: {=_xlfn.IFS(TRIM(B38)="Sunshine Coast","Sunshine Coast Council",TRIM(B38)="Moreton Bay","City of Moreton Bay",TRIM(B38)="Gold Coast","City of Gold Coast",TRIM(B38)="Ipswich","Ipswich City Council",TRUE,"")} -> Sunshine Coast Council | D38: {=_xlfn.IFS(TRIM(B38)="Sunshine Coast", "Combustible Dust Control & Air Quality Risk", TRIM(B38)="Moreton Bay", "Surface Coating & Hazardous Chemical Vapor Risk", TRIM(B38)="Gold Coast", "Industrial Noise & Fine Particulate Matter Risk", TRIM(B38)="Ipswich", "Solid Timber Waste & Stockpile Fire Risk", TRUE, "")} -> Combustible Dust Control & Air Quality Risk | E38: {=_xlfn.IFS(TRIM(B38)="Sunshine Coast", "LEV (Local Exhaust Ventilation) Particle Testing & Pressure Drop Log", TRIM(B38)="Moreton Bay", "Spray Booth Airflow Velocity Log & VOC Emission Check", TRIM(B38)="Gold Coast", "Boundary Acoustic dB Measurement & Baghouse Filter Differential Pressure Audit", TRIM(B38)="Ipswich", "Timber Waste Skip Clearance Frequency & Dust Extraction Silo Spark Detection Log", TRUE, "")} -> LEV (Local Exhaust Ventilation) Particle Testing & Pressure Drop Log | F38: {=_xlfn.IFS(TRIM(B38)="Sunshine Coast", "Maintain dust extraction air velocity above 20 m/s at all extraction hoods", TRIM(B38)="Moreton Bay", "Comply with AS/NZS 4114 for spray painting booths and maintain active charcoal filters", TRIM(B38)="Gold Coast", "Enclose high-noise machinery (CNC routers, planers) and monitor exhaust filter integrity daily", TRIM(B38)="Ipswich", "Clear sawdust silos before reaching 80% capacity and separate treated vs. untreated timber scraps", TRUE, "")} -> Maintain dust extraction air velocity above 20 m/s at all extraction hoods | G38: {=_xlfn.IFS(TRIM(B38)="Sunshine Coast", "WorkSafe QLD Woodworking Code / MS Loop Furniture Folder", TRIM(B38)="Moreton Bay", "Environmental Protection Regulation 2019 (Surface Coating)", TRIM(B38)="Gold Coast", "City of Gold Coast Noise Management Guidelines", TRIM(B38)="Ipswich", "Ipswich City Council Waste Management Bylaws / Loop Master Register", TRUE, "")} -> WorkSafe QLD Woodworking Code / MS Loop Furniture Folder

Sheet Wooden
A1: Wooden Data from Gold Coast to Sunshine Coast | H1: Date | I1: 26.06.2026
A2: Suburb / Node | B2: Geographic Zone | C2: Governance Authority | D2: Key Risk Category | E2: Compliance Checklist / Metric | F2: Requirements | G2: Data Source / Link
A3: Beerburrum | B3: Sunshine Coast | C3: {=_xlfn.IFS(TRIM(B3)="Sunshine Coast","Sunshine Coast Council",TRIM(B3)="Moreton Bay","City of Moreton Bay",TRIM(B3)="Gold Coast","City of Gold Coast",TRIM(B3)="Ipswich","Ipswich City Council",TRUE,"")} -> Sunshine Coast Council | D3: {=_xlfn.IFS(TRIM(B3)="Sunshine Coast", "Chemical Timber Treatment & Soil Contamination Risk", TRIM(B3)="Moreton Bay", "Raw Material Stockpile & Runoff Management Risk", TRIM(B3)="Gold Coast", "Heavy Mill Machinery WHS & Noise Isolation Risk", TRIM(B3)="Ipswich", "Biosecurity Wood Pest & Structural Storage Risk", TRUE, "")} -> Chemical Timber Treatment & Soil Contamination Risk | E3: {=_xlfn.IFS(TRIM(B3)="Sunshine Coast", "Bunded Chemical Storage Inspection & Soil Sample Assay Log", TRIM(B3)="Moreton Bay", "Retention Basin Sediment Level Audit & Stormwater Runoff pH Test", TRIM(B3)="Gold Coast", "Sawmill Blade Guard Integrity Log & Daily Decibel Boundary Check", TRIM(B3)="Ipswich", "Imported Timber Pest Inspection Certificate Validation & Stack Height Metric", TRUE, "")} -> Bunded Chemical Storage Inspection & Soil Sample Assay Log | F3: {=_xlfn.IFS(TRIM(B3)="Sunshine Coast", "100% containment bunding for all timber preservation chemicals and treatment vessels", TRIM(B3)="Moreton Bay", "Install sediment traps to prevent sawdust and organic matter from entering local catchments", TRIM(B3)="Gold Coast", "All operators must use Grade 5 hearing protection and follow strict lock-out/tag-out protocols", TRIM(B3)="Ipswich", "Timber stacks must not exceed 4 meters in height and undergo quarterly borer/termite screening", TRUE, "")} -> 100% containment bunding for all timber preservation chemicals and treatment vessels | G3: {=_xlfn.IFS(TRIM(B3)="Sunshine Coast", "DESI Chemical Management Regs / MS Loop Wooden Folder", TRIM(B3)="Moreton Bay", "Water Quality Environmental Protection Policy 2019", TRIM(B3)="Gold Coast", "WorkSafe QLD Sawmilling Guide / Loop WHS Files", TRIM(B3)="Ipswich", "Department of Agriculture and Fisheries Biosecurity Standards", TRUE, "")} -> DESI Chemical Management Regs / MS Loop Wooden Folder
A4: Beerwah | B4: Sunshine Coast | C4: {=_xlfn.IFS(TRIM(B4)="Sunshine Coast","Sunshine Coast Council",TRIM(B4)="Moreton Bay","City of Moreton Bay",TRIM(B4)="Gold Coast","City of Gold Coast",TRIM(B4)="Ipswich","Ipswich City Council",TRUE,"")} -> Sunshine Coast Council | D4: {=_xlfn.IFS(TRIM(B4)="Sunshine Coast", "Chemical Timber Treatment & Soil Contamination Risk", TRIM(B4)="Moreton Bay", "Raw Material Stockpile & Runoff Management Risk", TRIM(B4)="Gold Coast", "Heavy Mill Machinery WHS & Noise Isolation Risk", TRIM(B4)="Ipswich", "Biosecurity Wood Pest & Structural Storage Risk", TRUE, "")} -> Chemical Timber Treatment & Soil Contamination Risk | E4: {=_xlfn.IFS(TRIM(B4)="Sunshine Coast", "Bunded Chemical Storage Inspection & Soil Sample Assay Log", TRIM(B4)="Moreton Bay", "Retention Basin Sediment Level Audit & Stormwater Runoff pH Test", TRIM(B4)="Gold Coast", "Sawmill Blade Guard Integrity Log & Daily Decibel Boundary Check", TRIM(B4)="Ipswich", "Imported Timber Pest Inspection Certificate Validation & Stack Height Metric", TRUE, "")} -> Bunded Chemical Storage Inspection & Soil Sample Assay Log | F4: {=_xlfn.IFS(TRIM(B4)="Sunshine Coast", "100% containment bunding for all timber preservation chemicals and treatment vessels", TRIM(B4)="Moreton Bay", "Install sediment traps to prevent sawdust and organic matter from entering local catchments", TRIM(B4)="Gold Coast", "All operators must use Grade 5 hearing protection and follow strict lock-out/tag-out protocols", TRIM(B4)="Ipswich", "Timber stacks must not exceed 4 meters in height and undergo quarterly borer/termite screening", TRUE, "")} -> 100% containment bunding for all timber preservation chemicals and treatment vessels | G4: {=_xlfn.IFS(TRIM(B4)="Sunshine Coast", "DESI Chemical Management Regs / MS Loop Wooden Folder", TRIM(B4)="Moreton Bay", "Water Quality Environmental Protection Policy 2019", TRIM(B4)="Gold Coast", "WorkSafe QLD Sawmilling Guide / Loop WHS Files", TRIM(B4)="Ipswich", "Department of Agriculture and Fisheries Biosecurity Standards", TRUE, "")} -> DESI Chemical Management Regs / MS Loop Wooden Folder
A5: Burpengary | B5: Moreton Bay | C5: {=_xlfn.IFS(TRIM(B5)="Sunshine Coast","Sunshine Coast Council",TRIM(B5)="Moreton Bay","City of Moreton Bay",TRIM(B5)="Gold Coast","City of Gold Coast",TRIM(B5)="Ipswich","Ipswich City Council",TRUE,"")} -> City of Moreton Bay | D5: {=_xlfn.IFS(TRIM(B5)="Sunshine Coast", "Chemical Timber Treatment & Soil Contamination Risk", TRIM(B5)="Moreton Bay", "Raw Material Stockpile & Runoff Management Risk", TRIM(B5)="Gold Coast", "Heavy Mill Machinery WHS & Noise Isolation Risk", TRIM(B5)="Ipswich", "Biosecurity Wood Pest & Structural Storage Risk", TRUE, "")} -> Raw Material Stockpile & Runoff Management Risk | E5: {=_xlfn.IFS(TRIM(B5)="Sunshine Coast", "Bunded Chemical Storage Inspection & Soil Sample Assay Log", TRIM(B5)="Moreton Bay", "Retention Basin Sediment Level Audit & Stormwater Runoff pH Test", TRIM(B5)="Gold Coast", "Sawmill Blade Guard Integrity Log & Daily Decibel Boundary Check", TRIM(B5)="Ipswich", "Imported Timber Pest Inspection Certificate Validation & Stack Height Metric", TRUE, "")} -> Retention Basin Sediment Level Audit & Stormwater Runoff pH Test | F5: {=_xlfn.IFS(TRIM(B5)="Sunshine Coast", "100% containment bunding for all timber preservation chemicals and treatment vessels", TRIM(B5)="Moreton Bay", "Install sediment traps to prevent sawdust and organic matter from entering local catchments", TRIM(B5)="Gold Coast", "All operators must use Grade 5 hearing protection and follow strict lock-out/tag-out protocols", TRIM(B5)="Ipswich", "Timber stacks must not exceed 4 meters in height and undergo quarterly borer/termite screening", TRUE, "")} -> Install sediment traps to prevent sawdust and organic matter from entering local catchments | G5: {=_xlfn.IFS(TRIM(B5)="Sunshine Coast", "DESI Chemical Management Regs / MS Loop Wooden Folder", TRIM(B5)="Moreton Bay", "Water Quality Environmental Protection Policy 2019", TRIM(B5)="Gold Coast", "WorkSafe QLD Sawmilling Guide / Loop WHS Files", TRIM(B5)="Ipswich", "Department of Agriculture and Fisheries Biosecurity Standards", TRUE, "")} -> Water Quality Environmental Protection Policy 2019
A6: Caboolture | B6: Moreton Bay | C6: {=_xlfn.IFS(TRIM(B6)="Sunshine Coast","Sunshine Coast Council",TRIM(B6)="Moreton Bay","City of Moreton Bay",TRIM(B6)="Gold Coast","City of Gold Coast",TRIM(B6)="Ipswich","Ipswich City Council",TRUE,"")} -> City of Moreton Bay | D6: {=_xlfn.IFS(TRIM(B6)="Sunshine Coast", "Chemical Timber Treatment & Soil Contamination Risk", TRIM(B6)="Moreton Bay", "Raw Material Stockpile & Runoff Management Risk", TRIM(B6)="Gold Coast", "Heavy Mill Machinery WHS & Noise Isolation Risk", TRIM(B6)="Ipswich", "Biosecurity Wood Pest & Structural Storage Risk", TRUE, "")} -> Raw Material Stockpile & Runoff Management Risk | E6: {=_xlfn.IFS(TRIM(B6)="Sunshine Coast", "Bunded Chemical Storage Inspection & Soil Sample Assay Log", TRIM(B6)="Moreton Bay", "Retention Basin Sediment Level Audit & Stormwater Runoff pH Test", TRIM(B6)="Gold Coast", "Sawmill Blade Guard Integrity Log & Daily Decibel Boundary Check", TRIM(B6)="Ipswich", "Imported Timber Pest Inspection Certificate Validation & Stack Height Metric", TRUE, "")} -> Retention Basin Sediment Level Audit & Stormwater Runoff pH Test | F6: {=_xlfn.IFS(TRIM(B6)="Sunshine Coast", "100% containment bunding for all timber preservation chemicals and treatment vessels", TRIM(B6)="Moreton Bay", "Install sediment traps to prevent sawdust and organic matter from entering local catchments", TRIM(B6)="Gold Coast", "All operators must use Grade 5 hearing protection and follow strict lock-out/tag-out protocols", TRIM(B6)="Ipswich", "Timber stacks must not exceed 4 meters in height and undergo quarterly borer/termite screening", TRUE, "")} -> Install sediment traps to prevent sawdust and organic matter from entering local catchments | G6: {=_xlfn.IFS(TRIM(B6)="Sunshine Coast", "DESI Chemical Management Regs / MS Loop Wooden Folder", TRIM(B6)="Moreton Bay", "Water Quality Environmental Protection Policy 2019", TRIM(B6)="Gold Coast", "WorkSafe QLD Sawmilling Guide / Loop WHS Files", TRIM(B6)="Ipswich", "Department of Agriculture and Fisheries Biosecurity Standards", TRUE, "")} -> Water Quality Environmental Protection Policy 2019
A7: Coomera | B7: Gold Coast | C7: {=_xlfn.IFS(TRIM(B7)="Sunshine Coast","Sunshine Coast Council",TRIM(B7)="Moreton Bay","City of Moreton Bay",TRIM(B7)="Gold Coast","City of Gold Coast",TRIM(B7)="Ipswich","Ipswich City Council",TRUE,"")} -> City of Gold Coast | D7: {=_xlfn.IFS(TRIM(B7)="Sunshine Coast", "Chemical Timber Treatment & Soil Contamination Risk", TRIM(B7)="Moreton Bay", "Raw Material Stockpile & Runoff Management Risk", TRIM(B7)="Gold Coast", "Heavy Mill Machinery WHS & Noise Isolation Risk", TRIM(B7)="Ipswich", "Biosecurity Wood Pest & Structural Storage Risk", TRUE, "")} -> Heavy Mill Machinery WHS & Noise Isolation Risk | E7: {=_xlfn.IFS(TRIM(B7)="Sunshine Coast", "Bunded Chemical Storage Inspection & Soil Sample Assay Log", TRIM(B7)="Moreton Bay", "Retention Basin Sediment Level Audit & Stormwater Runoff pH Test", TRIM(B7)="Gold Coast", "Sawmill Blade Guard Integrity Log & Daily Decibel Boundary Check", TRIM(B7)="Ipswich", "Imported Timber Pest Inspection Certificate Validation & Stack Height Metric", TRUE, "")} -> Sawmill Blade Guard Integrity Log & Daily Decibel Boundary Check | F7: {=_xlfn.IFS(TRIM(B7)="Sunshine Coast", "100% containment bunding for all timber preservation chemicals and treatment vessels", TRIM(B7)="Moreton Bay", "Install sediment traps to prevent sawdust and organic matter from entering local catchments", TRIM(B7)="Gold Coast", "All operators must use Grade 5 hearing protection and follow strict lock-out/tag-out protocols", TRIM(B7)="Ipswich", "Timber stacks must not exceed 4 meters in height and undergo quarterly borer/termite screening", TRUE, "")} -> All operators must use Grade 5 hearing protection and follow strict lock-out/tag-out protocols | G7: {=_xlfn.IFS(TRIM(B7)="Sunshine Coast", "DESI Chemical Management Regs / MS Loop Wooden Folder", TRIM(B7)="Moreton Bay", "Water Quality Environmental Protection Policy 2019", TRIM(B7)="Gold Coast", "WorkSafe QLD Sawmilling Guide / Loop WHS Files", TRIM(B7)="Ipswich", "Department of Agriculture and Fisheries Biosecurity Standards", TRUE, "")} -> WorkSafe QLD Sawmilling Guide / Loop WHS Files
A8: Dakabin | B8: Moreton Bay | C8: {=_xlfn.IFS(TRIM(B8)="Sunshine Coast","Sunshine Coast Council",TRIM(B8)="Moreton Bay","City of Moreton Bay",TRIM(B8)="Gold Coast","City of Gold Coast",TRIM(B8)="Ipswich","Ipswich City Council",TRUE,"")} -> City of Moreton Bay | D8: {=_xlfn.IFS(TRIM(B8)="Sunshine Coast", "Chemical Timber Treatment & Soil Contamination Risk", TRIM(B8)="Moreton Bay", "Raw Material Stockpile & Runoff Management Risk", TRIM(B8)="Gold Coast", "Heavy Mill Machinery WHS & Noise Isolation Risk", TRIM(B8)="Ipswich", "Biosecurity Wood Pest & Structural Storage Risk", TRUE, "")} -> Raw Material Stockpile & Runoff Management Risk | E8: {=_xlfn.IFS(TRIM(B8)="Sunshine Coast", "Bunded Chemical Storage Inspection & Soil Sample Assay Log", TRIM(B8)="Moreton Bay", "Retention Basin Sediment Level Audit & Stormwater Runoff pH Test", TRIM(B8)="Gold Coast", "Sawmill Blade Guard Integrity Log & Daily Decibel Boundary Check", TRIM(B8)="Ipswich", "Imported Timber Pest Inspection Certificate Validation & Stack Height Metric", TRUE, "")} -> Retention Basin Sediment Level Audit & Stormwater Runoff pH Test | F8: {=_xlfn.IFS(TRIM(B8)="Sunshine Coast", "100% containment bunding for all timber preservation chemicals and treatment vessels", TRIM(B8)="Moreton Bay", "Install sediment traps to prevent sawdust and organic matter from entering local catchments", TRIM(B8)="Gold Coast", "All operators must use Grade 5 hearing protection and follow strict lock-out/tag-out protocols", TRIM(B8)="Ipswich", "Timber stacks must not exceed 4 meters in height and undergo quarterly borer/termite screening", TRUE, "")} -> Install sediment traps to prevent sawdust and organic matter from entering local catchments | G8: {=_xlfn.IFS(TRIM(B8)="Sunshine Coast", "DESI Chemical Management Regs / MS Loop Wooden Folder", TRIM(B8)="Moreton Bay", "Water Quality Environmental Protection Policy 2019", TRIM(B8)="Gold Coast", "WorkSafe QLD Sawmilling Guide / Loop WHS Files", TRIM(B8)="Ipswich", "Department of Agriculture and Fisheries Biosecurity Standards", TRUE, "")} -> Water Quality Environmental Protection Policy 2019
A9: Elimbah | B9: Sunshine Coast | C9: {=_xlfn.IFS(TRIM(B9)="Sunshine Coast","Sunshine Coast Council",TRIM(B9)="Moreton Bay","City of Moreton Bay",TRIM(B9)="Gold Coast","City of Gold Coast",TRIM(B9)="Ipswich","Ipswich City Council",TRUE,"")} -> Sunshine Coast Council | D9: {=_xlfn.IFS(TRIM(B9)="Sunshine Coast", "Chemical Timber Treatment & Soil Contamination Risk", TRIM(B9)="Moreton Bay", "Raw Material Stockpile & Runoff Management Risk", TRIM(B9)="Gold Coast", "Heavy Mill Machinery WHS & Noise Isolation Risk", TRIM(B9)="Ipswich", "Biosecurity Wood Pest & Structural Storage Risk", TRUE, "")} -> Chemical Timber Treatment & Soil Contamination Risk | E9: {=_xlfn.IFS(TRIM(B9)="Sunshine Coast", "Bunded Chemical Storage Inspection & Soil Sample Assay Log", TRIM(B9)="Moreton Bay", "Retention Basin Sediment Level Audit & Stormwater Runoff pH Test", TRIM(B9)="Gold Coast", "Sawmill Blade Guard Integrity Log & Daily Decibel Boundary Check", TRIM(B9)="Ipswich", "Imported Timber Pest Inspection Certificate Validation & Stack Height Metric", TRUE, "")} -> Bunded Chemical Storage Inspection & Soil Sample Assay Log | F9: {=_xlfn.IFS(TRIM(B9)="Sunshine Coast", "100% containment bunding for all timber preservation chemicals and treatment vessels", TRIM(B9)="Moreton Bay", "Install sediment traps to prevent sawdust and organic matter from entering local catchments", TRIM(B9)="Gold Coast", "All operators must use Grade 5 hearing protection and follow strict lock-out/tag-out protocols", TRIM(B9)="Ipswich", "Timber stacks must not exceed 4 meters in height and undergo quarterly borer/termite screening", TRUE, "")} -> 100% containment bunding for all timber preservation chemicals and treatment vessels | G9: {=_xlfn.IFS(TRIM(B9)="Sunshine Coast", "DESI Chemical Management Regs / MS Loop Wooden Folder", TRIM(B9)="Moreton Bay", "Water Quality Environmental Protection Policy 2019", TRIM(B9)="Gold Coast", "WorkSafe QLD Sawmilling Guide / Loop WHS Files", TRIM(B9)="Ipswich", "Department of Agriculture and Fisheries Biosecurity Standards", TRUE, "")} -> DESI Chemical Management Regs / MS Loop Wooden Folder
A10: Eudlo | B10: Sunshine Coast | C10: {=_xlfn.IFS(TRIM(B10)="Sunshine Coast","Sunshine Coast Council",TRIM(B10)="Moreton Bay","City of Moreton Bay",TRIM(B10)="Gold Coast","City of Gold Coast",TRIM(B10)="Ipswich","Ipswich City Council",TRUE,"")} -> Sunshine Coast Council | D10: {=_xlfn.IFS(TRIM(B10)="Sunshine Coast", "Chemical Timber Treatment & Soil Contamination Risk", TRIM(B10)="Moreton Bay", "Raw Material Stockpile & Runoff Management Risk", TRIM(B10)="Gold Coast", "Heavy Mill Machinery WHS & Noise Isolation Risk", TRIM(B10)="Ipswich", "Biosecurity Wood Pest & Structural Storage Risk", TRUE, "")} -> Chemical Timber Treatment & Soil Contamination Risk | E10: {=_xlfn.IFS(TRIM(B10)="Sunshine Coast", "Bunded Chemical Storage Inspection & Soil Sample Assay Log", TRIM(B10)="Moreton Bay", "Retention Basin Sediment Level Audit & Stormwater Runoff pH Test", TRIM(B10)="Gold Coast", "Sawmill Blade Guard Integrity Log & Daily Decibel Boundary Check", TRIM(B10)="Ipswich", "Imported Timber Pest Inspection Certificate Validation & Stack Height Metric", TRUE, "")} -> Bunded Chemical Storage Inspection & Soil Sample Assay Log | F10: {=_xlfn.IFS(TRIM(B10)="Sunshine Coast", "100% containment bunding for all timber preservation chemicals and treatment vessels", TRIM(B10)="Moreton Bay", "Install sediment traps to prevent sawdust and organic matter from entering local catchments", TRIM(B10)="Gold Coast", "All operators must use Grade 5 hearing protection and follow strict lock-out/tag-out protocols", TRIM(B10)="Ipswich", "Timber stacks must not exceed 4 meters in height and undergo quarterly borer/termite screening", TRUE, "")} -> 100% containment bunding for all timber preservation chemicals and treatment vessels | G10: {=_xlfn.IFS(TRIM(B10)="Sunshine Coast", "DESI Chemical Management Regs / MS Loop Wooden Folder", TRIM(B10)="Moreton Bay", "Water Quality Environmental Protection Policy 2019", TRIM(B10)="Gold Coast", "WorkSafe QLD Sawmilling Guide / Loop WHS Files", TRIM(B10)="Ipswich", "Department of Agriculture and Fisheries Biosecurity Standards", TRUE, "")} -> DESI Chemical Management Regs / MS Loop Wooden Folder
A11: Glass House Mountains | B11: Sunshine Coast | C11: {=_xlfn.IFS(TRIM(B11)="Sunshine Coast","Sunshine Coast Council",TRIM(B11)="Moreton Bay","City of Moreton Bay",TRIM(B11)="Gold Coast","City of Gold Coast",TRIM(B11)="Ipswich","Ipswich City Council",TRUE,"")} -> Sunshine Coast Council | D11: {=_xlfn.IFS(TRIM(B11)="Sunshine Coast", "Chemical Timber Treatment & Soil Contamination Risk", TRIM(B11)="Moreton Bay", "Raw Material Stockpile & Runoff Management Risk", TRIM(B11)="Gold Coast", "Heavy Mill Machinery WHS & Noise Isolation Risk", TRIM(B11)="Ipswich", "Biosecurity Wood Pest & Structural Storage Risk", TRUE, "")} -> Chemical Timber Treatment & Soil Contamination Risk | E11: {=_xlfn.IFS(TRIM(B11)="Sunshine Coast", "Bunded Chemical Storage Inspection & Soil Sample Assay Log", TRIM(B11)="Moreton Bay", "Retention Basin Sediment Level Audit & Stormwater Runoff pH Test", TRIM(B11)="Gold Coast", "Sawmill Blade Guard Integrity Log & Daily Decibel Boundary Check", TRIM(B11)="Ipswich", "Imported Timber Pest Inspection Certificate Validation & Stack Height Metric", TRUE, "")} -> Bunded Chemical Storage Inspection & Soil Sample Assay Log | F11: {=_xlfn.IFS(TRIM(B11)="Sunshine Coast", "100% containment bunding for all timber preservation chemicals and treatment vessels", TRIM(B11)="Moreton Bay", "Install sediment traps to prevent sawdust and organic matter from entering local catchments", TRIM(B11)="Gold Coast", "All operators must use Grade 5 hearing protection and follow strict lock-out/tag-out protocols", TRIM(B11)="Ipswich", "Timber stacks must not exceed 4 meters in height and undergo quarterly borer/termite screening", TRUE, "")} -> 100% containment bunding for all timber preservation chemicals and treatment vessels | G11: {=_xlfn.IFS(TRIM(B11)="Sunshine Coast", "DESI Chemical Management Regs / MS Loop Wooden Folder", TRIM(B11)="Moreton Bay", "Water Quality Environmental Protection Policy 2019", TRIM(B11)="Gold Coast", "WorkSafe QLD Sawmilling Guide / Loop WHS Files", TRIM(B11)="Ipswich", "Department of Agriculture and Fisheries Biosecurity Standards", TRUE, "")} -> DESI Chemical Management Regs / MS Loop Wooden Folder
A12: Helensvale | B12: Gold Coast | C12: {=_xlfn.IFS(TRIM(B12)="Sunshine Coast","Sunshine Coast Council",TRIM(B12)="Moreton Bay","City of Moreton Bay",TRIM(B12)="Gold Coast","City of Gold Coast",TRIM(B12)="Ipswich","Ipswich City Council",TRUE,"")} -> City of Gold Coast | D12: {=_xlfn.IFS(TRIM(B12)="Sunshine Coast", "Chemical Timber Treatment & Soil Contamination Risk", TRIM(B12)="Moreton Bay", "Raw Material Stockpile & Runoff Management Risk", TRIM(B12)="Gold Coast", "Heavy Mill Machinery WHS & Noise Isolation Risk", TRIM(B12)="Ipswich", "Biosecurity Wood Pest & Structural Storage Risk", TRUE, "")} -> Heavy Mill Machinery WHS & Noise Isolation Risk | E12: {=_xlfn.IFS(TRIM(B12)="Sunshine Coast", "Bunded Chemical Storage Inspection & Soil Sample Assay Log", TRIM(B12)="Moreton Bay", "Retention Basin Sediment Level Audit & Stormwater Runoff pH Test", TRIM(B12)="Gold Coast", "Sawmill Blade Guard Integrity Log & Daily Decibel Boundary Check", TRIM(B12)="Ipswich", "Imported Timber Pest Inspection Certificate Validation & Stack Height Metric", TRUE, "")} -> Sawmill Blade Guard Integrity Log & Daily Decibel Boundary Check | F12: {=_xlfn.IFS(TRIM(B12)="Sunshine Coast", "100% containment bunding for all timber preservation chemicals and treatment vessels", TRIM(B12)="Moreton Bay", "Install sediment traps to prevent sawdust and organic matter from entering local catchments", TRIM(B12)="Gold Coast", "All operators must use Grade 5 hearing protection and follow strict lock-out/tag-out protocols", TRIM(B12)="Ipswich", "Timber stacks must not exceed 4 meters in height and undergo quarterly borer/termite screening", TRUE, "")} -> All operators must use Grade 5 hearing protection and follow strict lock-out/tag-out protocols | G12: {=_xlfn.IFS(TRIM(B12)="Sunshine Coast", "DESI Chemical Management Regs / MS Loop Wooden Folder", TRIM(B12)="Moreton Bay", "Water Quality Environmental Protection Policy 2019", TRIM(B12)="Gold Coast", "WorkSafe QLD Sawmilling Guide / Loop WHS Files", TRIM(B12)="Ipswich", "Department of Agriculture and Fisheries Biosecurity Standards", TRUE, "")} -> WorkSafe QLD Sawmilling Guide / Loop WHS Files
A13: Hope Island | B13: Gold Coast | C13: {=_xlfn.IFS(TRIM(B13)="Sunshine Coast","Sunshine Coast Council",TRIM(B13)="Moreton Bay","City of Moreton Bay",TRIM(B13)="Gold Coast","City of Gold Coast",TRIM(B13)="Ipswich","Ipswich City Council",TRUE,"")} -> City of Gold Coast | D13: {=_xlfn.IFS(TRIM(B13)="Sunshine Coast", "Chemical Timber Treatment & Soil Contamination Risk", TRIM(B13)="Moreton Bay", "Raw Material Stockpile & Runoff Management Risk", TRIM(B13)="Gold Coast", "Heavy Mill Machinery WHS & Noise Isolation Risk", TRIM(B13)="Ipswich", "Biosecurity Wood Pest & Structural Storage Risk", TRUE, "")} -> Heavy Mill Machinery WHS & Noise Isolation Risk | E13: {=_xlfn.IFS(TRIM(B13)="Sunshine Coast", "Bunded Chemical Storage Inspection & Soil Sample Assay Log", TRIM(B13)="Moreton Bay", "Retention Basin Sediment Level Audit & Stormwater Runoff pH Test", TRIM(B13)="Gold Coast", "Sawmill Blade Guard Integrity Log & Daily Decibel Boundary Check", TRIM(B13)="Ipswich", "Imported Timber Pest Inspection Certificate Validation & Stack Height Metric", TRUE, "")} -> Sawmill Blade Guard Integrity Log & Daily Decibel Boundary Check | F13: {=_xlfn.IFS(TRIM(B13)="Sunshine Coast", "100% containment bunding for all timber preservation chemicals and treatment vessels", TRIM(B13)="Moreton Bay", "Install sediment traps to prevent sawdust and organic matter from entering local catchments", TRIM(B13)="Gold Coast", "All operators must use Grade 5 hearing protection and follow strict lock-out/tag-out protocols", TRIM(B13)="Ipswich", "Timber stacks must not exceed 4 meters in height and undergo quarterly borer/termite screening", TRUE, "")} -> All operators must use Grade 5 hearing protection and follow strict lock-out/tag-out protocols | G13: {=_xlfn.IFS(TRIM(B13)="Sunshine Coast", "DESI Chemical Management Regs / MS Loop Wooden Folder", TRIM(B13)="Moreton Bay", "Water Quality Environmental Protection Policy 2019", TRIM(B13)="Gold Coast", "WorkSafe QLD Sawmilling Guide / Loop WHS Files", TRIM(B13)="Ipswich", "Department of Agriculture and Fisheries Biosecurity Standards", TRUE, "")} -> WorkSafe QLD Sawmilling Guide / Loop WHS Files
A14: Ipswich CBD | B14: Ipswich | C14: {=_xlfn.IFS(TRIM(B14)="Sunshine Coast","Sunshine Coast Council",TRIM(B14)="Moreton Bay","City of Moreton Bay",TRIM(B14)="Gold Coast","City of Gold Coast",TRIM(B14)="Ipswich","Ipswich City Council",TRUE,"")} -> Ipswich City Council | D14: {=_xlfn.IFS(TRIM(B14)="Sunshine Coast", "Chemical Timber Treatment & Soil Contamination Risk", TRIM(B14)="Moreton Bay", "Raw Material Stockpile & Runoff Management Risk", TRIM(B14)="Gold Coast", "Heavy Mill Machinery WHS & Noise Isolation Risk", TRIM(B14)="Ipswich", "Biosecurity Wood Pest & Structural Storage Risk", TRUE, "")} -> Biosecurity Wood Pest & Structural Storage Risk | E14: {=_xlfn.IFS(TRIM(B14)="Sunshine Coast", "Bunded Chemical Storage Inspection & Soil Sample Assay Log", TRIM(B14)="Moreton Bay", "Retention Basin Sediment Level Audit & Stormwater Runoff pH Test", TRIM(B14)="Gold Coast", "Sawmill Blade Guard Integrity Log & Daily Decibel Boundary Check", TRIM(B14)="Ipswich", "Imported Timber Pest Inspection Certificate Validation & Stack Height Metric", TRUE, "")} -> Imported Timber Pest Inspection Certificate Validation & Stack Height Metric | F14: {=_xlfn.IFS(TRIM(B14)="Sunshine Coast", "100% containment bunding for all timber preservation chemicals and treatment vessels", TRIM(B14)="Moreton Bay", "Install sediment traps to prevent sawdust and organic matter from entering local catchments", TRIM(B14)="Gold Coast", "All operators must use Grade 5 hearing protection and follow strict lock-out/tag-out protocols", TRIM(B14)="Ipswich", "Timber stacks must not exceed 4 meters in height and undergo quarterly borer/termite screening", TRUE, "")} -> Timber stacks must not exceed 4 meters in height and undergo quarterly borer/termite screening | G14: {=_xlfn.IFS(TRIM(B14)="Sunshine Coast", "DESI Chemical Management Regs / MS Loop Wooden Folder", TRIM(B14)="Moreton Bay", "Water Quality Environmental Protection Policy 2019", TRIM(B14)="Gold Coast", "WorkSafe QLD Sawmilling Guide / Loop WHS Files", TRIM(B14)="Ipswich", "Department of Agriculture and Fisheries Biosecurity Standards", TRUE, "")} -> Department of Agriculture and Fisheries Biosecurity Standards
... A38: Woombye | B38: Sunshine Coast | C38: {=_xlfn.IFS(TRIM(B38)="Sunshine Coast","Sunshine Coast Council",TRIM(B38)="Moreton Bay","City of Moreton Bay",TRIM(B38)="Gold Coast","City of Gold Coast",TRIM(B38)="Ipswich","Ipswich City Council",TRUE,"")} -> Sunshine Coast Council | D38: {=_xlfn.IFS(TRIM(B38)="Sunshine Coast", "Chemical Timber Treatment & Soil Contamination Risk", TRIM(B38)="Moreton Bay", "Raw Material Stockpile & Runoff Management Risk", TRIM(B38)="Gold Coast", "Heavy Mill Machinery WHS & Noise Isolation Risk", TRIM(B38)="Ipswich", "Biosecurity Wood Pest & Structural Storage Risk", TRUE, "")} -> Chemical Timber Treatment & Soil Contamination Risk | E38: {=_xlfn.IFS(TRIM(B38)="Sunshine Coast", "Bunded Chemical Storage Inspection & Soil Sample Assay Log", TRIM(B38)="Moreton Bay", "Retention Basin Sediment Level Audit & Stormwater Runoff pH Test", TRIM(B38)="Gold Coast", "Sawmill Blade Guard Integrity Log & Daily Decibel Boundary Check", TRIM(B38)="Ipswich", "Imported Timber Pest Inspection Certificate Validation & Stack Height Metric", TRUE, "")} -> Bunded Chemical Storage Inspection & Soil Sample Assay Log | F38: {=_xlfn.IFS(TRIM(B38)="Sunshine Coast", "100% containment bunding for all timber preservation chemicals and treatment vessels", TRIM(B38)="Moreton Bay", "Install sediment traps to prevent sawdust and organic matter from entering local catchments", TRIM(B38)="Gold Coast", "All operators must use Grade 5 hearing protection and follow strict lock-out/tag-out protocols", TRIM(B38)="Ipswich", "Timber stacks must not exceed 4 meters in height and undergo quarterly borer/termite screening", TRUE, "")} -> 100% containment bunding for all timber preservation chemicals and treatment vessels | G38: {=_xlfn.IFS(TRIM(B38)="Sunshine Coast", "DESI Chemical Management Regs / MS Loop Wooden Folder", TRIM(B38)="Moreton Bay", "Water Quality Environmental Protection Policy 2019", TRIM(B38)="Gold Coast", "WorkSafe QLD Sawmilling Guide / Loop WHS Files", TRIM(B38)="Ipswich", "Department of Agriculture and Fisheries Biosecurity Standards", TRUE, "")} -> DESI Chemical Management Regs / MS Loop Wooden Folder

Sheet Clothes
A1: Clothes Data from Gold Coast to Sunshine Coast | H1: Date | I1: 26.06.2026
A2: Suburb / Node | B2: Geographic Zone | C2: Governance Authority | D2: Key Risk Category | E2: Compliance Checklist / Metric | F2: Requirements | G2: Data Source / Link
A3: Beerburrum | B3: Sunshine Coast | C3: {=_xlfn.IFS(TRIM(B3)="Sunshine Coast","Sunshine Coast Council",TRIM(B3)="Moreton Bay","City of Moreton Bay",TRIM(B3)="Gold Coast","City of Gold Coast",TRIM(B3)="Ipswich","Ipswich City Council",TRUE,"")} -> Sunshine Coast Council | D3: {=_xlfn.IFS(TRIM(B3)="Sunshine Coast", "High-Density Logistics & Fire Egress Risk", TRIM(B3)="Moreton Bay", "Commercial Apparel Warehousing & Ergonomic Risk", TRIM(B3)="Gold Coast", "Retail Shopfront Public Safety & Crowd Control Risk", TRIM(B3)="Ipswich", "Textile Storage Chemical Treatment & Ventilation Risk", TRUE, "")} -> High-Density Logistics & Fire Egress Risk | E3: {=_xlfn.IFS(TRIM(B3)="Sunshine Coast", "Stockroom Walkway Clearance Audit & Fire Extinguisher Tag Check", TRIM(B3)="Moreton Bay", "High-Level Racking Weight Limit Metric & Manual Handling Training Log", TRIM(B3)="Gold Coast", "Main Storefront Floor Slip-Resistance Test & Emergency Exit Illumination Audit", TRIM(B3)="Ipswich", "Fabric Storage Air-Exchange Velocity Log & Formaldehyde Product Screening", TRUE, "")} -> Stockroom Walkway Clearance Audit & Fire Extinguisher Tag Check | F3: {=_xlfn.IFS(TRIM(B3)="Sunshine Coast", "Maintain a minimum 1.0-meter clear width on all stockroom emergency egress paths", TRIM(B3)="Moreton Bay", "Mandatory structural engineering certifications posted on all high-density pallet racking", TRIM(B3)="Gold Coast", "Ensure store layout complies with maximum occupancy limits and floor vectors are kept spill-free", TRIM(B3)="Ipswich", "Provide continuous mechanical ventilation in fabric processing/bulk storage areas to manage off-gassing", TRUE, "")} -> Maintain a minimum 1.0-meter clear width on all stockroom emergency egress paths | G3: {=_xlfn.IFS(TRIM(B3)="Sunshine Coast", "Queensland Building and Fire Safety Regulation / MS Loop Clothes Folder", TRIM(B3)="Moreton Bay", "WorkSafe QLD Storage and Warehousing National Code", TRIM(B3)="Gold Coast", "City of Gold Coast Local Retail Planning Schemes", TRIM(B3)="Ipswich", "Australian Consumer Law Textile Standards / Loop Master Register", TRUE, "")} -> Queensland Building and Fire Safety Regulation / MS Loop Clothes Folder
A4: Beerwah | B4: Sunshine Coast | C4: {=_xlfn.IFS(TRIM(B4)="Sunshine Coast","Sunshine Coast Council",TRIM(B4)="Moreton Bay","City of Moreton Bay",TRIM(B4)="Gold Coast","City of Gold Coast",TRIM(B4)="Ipswich","Ipswich City Council",TRUE,"")} -> Sunshine Coast Council | D4: {=_xlfn.IFS(TRIM(B4)="Sunshine Coast", "High-Density Logistics & Fire Egress Risk", TRIM(B4)="Moreton Bay", "Commercial Apparel Warehousing & Ergonomic Risk", TRIM(B4)="Gold Coast", "Retail Shopfront Public Safety & Crowd Control Risk", TRIM(B4)="Ipswich", "Textile Storage Chemical Treatment & Ventilation Risk", TRUE, "")} -> High-Density Logistics & Fire Egress Risk | E4: {=_xlfn.IFS(TRIM(B4)="Sunshine Coast", "Stockroom Walkway Clearance Audit & Fire Extinguisher Tag Check", TRIM(B4)="Moreton Bay", "High-Level Racking Weight Limit Metric & Manual Handling Training Log", TRIM(B4)="Gold Coast", "Main Storefront Floor Slip-Resistance Test & Emergency Exit Illumination Audit", TRIM(B4)="Ipswich", "Fabric Storage Air-Exchange Velocity Log & Formaldehyde Product Screening", TRUE, "")} -> Stockroom Walkway Clearance Audit & Fire Extinguisher Tag Check | F4: {=_xlfn.IFS(TRIM(B4)="Sunshine Coast", "Maintain a minimum 1.0-meter clear width on all stockroom emergency egress paths", TRIM(B4)="Moreton Bay", "Mandatory structural engineering certifications posted on all high-density pallet racking", TRIM(B4)="Gold Coast", "Ensure store layout complies with maximum occupancy limits and floor vectors are kept spill-free", TRIM(B4)="Ipswich", "Provide continuous mechanical ventilation in fabric processing/bulk storage areas to manage off-gassing", TRUE, "")} -> Maintain a minimum 1.0-meter clear width on all stockroom emergency egress paths | G4: {=_xlfn.IFS(TRIM(B4)="Sunshine Coast", "Queensland Building and Fire Safety Regulation / MS Loop Clothes Folder", TRIM(B4)="Moreton Bay", "WorkSafe QLD Storage and Warehousing National Code", TRIM(B4)="Gold Coast", "City of Gold Coast Local Retail Planning Schemes", TRIM(B4)="Ipswich", "Australian Consumer Law Textile Standards / Loop Master Register", TRUE, "")} -> Queensland Building and Fire Safety Regulation / MS Loop Clothes Folder
A5: Burpengary | B5: Moreton Bay | C5: {=_xlfn.IFS(TRIM(B5)="Sunshine Coast","Sunshine Coast Council",TRIM(B5)="Moreton Bay","City of Moreton Bay",TRIM(B5)="Gold Coast","City of Gold Coast",TRIM(B5)="Ipswich","Ipswich City Council",TRUE,"")} -> City of Moreton Bay | D5: {=_xlfn.IFS(TRIM(B5)="Sunshine Coast", "High-Density Logistics & Fire Egress Risk", TRIM(B5)="Moreton Bay", "Commercial Apparel Warehousing & Ergonomic Risk", TRIM(B5)="Gold Coast", "Retail Shopfront Public Safety & Crowd Control Risk", TRIM(B5)="Ipswich", "Textile Storage Chemical Treatment & Ventilation Risk", TRUE, "")} -> Commercial Apparel Warehousing & Ergonomic Risk | E5: {=_xlfn.IFS(TRIM(B5)="Sunshine Coast", "Stockroom Walkway Clearance Audit & Fire Extinguisher Tag Check", TRIM(B5)="Moreton Bay", "High-Level Racking Weight Limit Metric & Manual Handling Training Log", TRIM(B5)="Gold Coast", "Main Storefront Floor Slip-Resistance Test & Emergency Exit Illumination Audit", TRIM(B5)="Ipswich", "Fabric Storage Air-Exchange Velocity Log & Formaldehyde Product Screening", TRUE, "")} -> High-Level Racking Weight Limit Metric & Manual Handling Training Log | F5: {=_xlfn.IFS(TRIM(B5)="Sunshine Coast", "Maintain a minimum 1.0-meter clear width on all stockroom emergency egress paths", TRIM(B5)="Moreton Bay", "Mandatory structural engineering certifications posted on all high-density pallet racking", TRIM(B5)="Gold Coast", "Ensure store layout complies with maximum occupancy limits and floor vectors are kept spill-free", TRIM(B5)="Ipswich", "Provide continuous mechanical ventilation in fabric processing/bulk storage areas to manage off-gassing", TRUE, "")} -> Mandatory structural engineering certifications posted on all high-density pallet racking | G5: {=_xlfn.IFS(TRIM(B5)="Sunshine Coast", "Queensland Building and Fire Safety Regulation / MS Loop Clothes Folder", TRIM(B5)="Moreton Bay", "WorkSafe QLD Storage and Warehousing National Code", TRIM(B5)="Gold Coast", "City of Gold Coast Local Retail Planning Schemes", TRIM(B5)="Ipswich", "Australian Consumer Law Textile Standards / Loop Master Register", TRUE, "")} -> WorkSafe QLD Storage and Warehousing National Code
A6: Caboolture | B6: Moreton Bay | C6: {=_xlfn.IFS(TRIM(B6)="Sunshine Coast","Sunshine Coast Council",TRIM(B6)="Moreton Bay","City of Moreton Bay",TRIM(B6)="Gold Coast","City of Gold Coast",TRIM(B6)="Ipswich","Ipswich City Council",TRUE,"")} -> City of Moreton Bay | D6: {=_xlfn.IFS(TRIM(B6)="Sunshine Coast", "High-Density Logistics & Fire Egress Risk", TRIM(B6)="Moreton Bay", "Commercial Apparel Warehousing & Ergonomic Risk", TRIM(B6)="Gold Coast", "Retail Shopfront Public Safety & Crowd Control Risk", TRIM(B6)="Ipswich", "Textile Storage Chemical Treatment & Ventilation Risk", TRUE, "")} -> Commercial Apparel Warehousing & Ergonomic Risk | E6: {=_xlfn.IFS(TRIM(B6)="Sunshine Coast", "Stockroom Walkway Clearance Audit & Fire Extinguisher Tag Check", TRIM(B6)="Moreton Bay", "High-Level Racking Weight Limit Metric & Manual Handling Training Log", TRIM(B6)="Gold Coast", "Main Storefront Floor Slip-Resistance Test & Emergency Exit Illumination Audit", TRIM(B6)="Ipswich", "Fabric Storage Air-Exchange Velocity Log & Formaldehyde Product Screening", TRUE, "")} -> High-Level Racking Weight Limit Metric & Manual Handling Training Log | F6: {=_xlfn.IFS(TRIM(B6)="Sunshine Coast", "Maintain a minimum 1.0-meter clear width on all stockroom emergency egress paths", TRIM(B6)="Moreton Bay", "Mandatory structural engineering certifications posted on all high-density pallet racking", TRIM(B6)="Gold Coast", "Ensure store layout complies with maximum occupancy limits and floor vectors are kept spill-free", TRIM(B6)="Ipswich", "Provide continuous mechanical ventilation in fabric processing/bulk storage areas to manage off-gassing", TRUE, "")} -> Mandatory structural engineering certifications posted on all high-density pallet racking | G6: {=_xlfn.IFS(TRIM(B6)="Sunshine Coast", "Queensland Building and Fire Safety Regulation / MS Loop Clothes Folder", TRIM(B6)="Moreton Bay", "WorkSafe QLD Storage and Warehousing National Code", TRIM(B6)="Gold Coast", "City of Gold Coast Local Retail Planning Schemes", TRIM(B6)="Ipswich", "Australian Consumer Law Textile Standards / Loop Master Register", TRUE, "")} -> WorkSafe QLD Storage and Warehousing National Code
A7: Coomera | B7: Gold Coast | C7: {=_xlfn.IFS(TRIM(B7)="Sunshine Coast","Sunshine Coast Council",TRIM(B7)="Moreton Bay","City of Moreton Bay",TRIM(B7)="Gold Coast","City of Gold Coast",TRIM(B7)="Ipswich","Ipswich City Council",TRUE,"")} -> City of Gold Coast | D7: {=_xlfn.IFS(TRIM(B7)="Sunshine Coast", "High-Density Logistics & Fire Egress Risk", TRIM(B7)="Moreton Bay", "Commercial Apparel Warehousing & Ergonomic Risk", TRIM(B7)="Gold Coast", "Retail Shopfront Public Safety & Crowd Control Risk", TRIM(B7)="Ipswich", "Textile Storage Chemical Treatment & Ventilation Risk", TRUE, "")} -> Retail Shopfront Public Safety & Crowd Control Risk | E7: {=_xlfn.IFS(TRIM(B7)="Sunshine Coast", "Stockroom Walkway Clearance Audit & Fire Extinguisher Tag Check", TRIM(B7)="Moreton Bay", "High-Level Racking Weight Limit Metric & Manual Handling Training Log", TRIM(B7)="Gold Coast", "Main Storefront Floor Slip-Resistance Test & Emergency Exit Illumination Audit", TRIM(B7)="Ipswich", "Fabric Storage Air-Exchange Velocity Log & Formaldehyde Product Screening", TRUE, "")} -> Main Storefront Floor Slip-Resistance Test & Emergency Exit Illumination Audit | F7: {=_xlfn.IFS(TRIM(B7)="Sunshine Coast", "Maintain a minimum 1.0-meter clear width on all stockroom emergency egress paths", TRIM(B7)="Moreton Bay", "Mandatory structural engineering certifications posted on all high-density pallet racking", TRIM(B7)="Gold Coast", "Ensure store layout complies with maximum occupancy limits and floor vectors are kept spill-free", TRIM(B7)="Ipswich", "Provide continuous mechanical ventilation in fabric processing/bulk storage areas to manage off-gassing", TRUE, "")} -> Ensure store layout complies with maximum occupancy limits and floor vectors are kept spill-free | G7: {=_xlfn.IFS(TRIM(B7)="Sunshine Coast", "Queensland Building and Fire Safety Regulation / MS Loop Clothes Folder", TRIM(B7)="Moreton Bay", "WorkSafe QLD Storage and Warehousing National Code", TRIM(B7)="Gold Coast", "City of Gold Coast Local Retail Planning Schemes", TRIM(B7)="Ipswich", "Australian Consumer Law Textile Standards / Loop Master Register", TRUE, "")} -> City of Gold Coast Local Retail Planning Schemes
A8: Dakabin | B8: Moreton Bay | C8: {=_xlfn.IFS(TRIM(B8)="Sunshine Coast","Sunshine Coast Council",TRIM(B8)="Moreton Bay","City of Moreton Bay",TRIM(B8)="Gold Coast","City of Gold Coast",TRIM(B8)="Ipswich","Ipswich City Council",TRUE,"")} -> City of Moreton Bay | D8: {=_xlfn.IFS(TRIM(B8)="Sunshine Coast", "High-Density Logistics & Fire Egress Risk", TRIM(B8)="Moreton Bay", "Commercial Apparel Warehousing & Ergonomic Risk", TRIM(B8)="Gold Coast", "Retail Shopfront Public Safety & Crowd Control Risk", TRIM(B8)="Ipswich", "Textile Storage Chemical Treatment & Ventilation Risk", TRUE, "")} -> Commercial Apparel Warehousing & Ergonomic Risk | E8: {=_xlfn.IFS(TRIM(B8)="Sunshine Coast", "Stockroom Walkway Clearance Audit & Fire Extinguisher Tag Check", TRIM(B8)="Moreton Bay", "High-Level Racking Weight Limit Metric & Manual Handling Training Log", TRIM(B8)="Gold Coast", "Main Storefront Floor Slip-Resistance Test & Emergency Exit Illumination Audit", TRIM(B8)="Ipswich", "Fabric Storage Air-Exchange Velocity Log & Formaldehyde Product Screening", TRUE, "")} -> High-Level Racking Weight Limit Metric & Manual Handling Training Log | F8: {=_xlfn.IFS(TRIM(B8)="Sunshine Coast", "Maintain a minimum 1.0-meter clear width on all stockroom emergency egress paths", TRIM(B8)="Moreton Bay", "Mandatory structural engineering certifications posted on all high-density pallet racking", TRIM(B8)="Gold Coast", "Ensure store layout complies with maximum occupancy limits and floor vectors are kept spill-free", TRIM(B8)="Ipswich", "Provide continuous mechanical ventilation in fabric processing/bulk storage areas to manage off-gassing", TRUE, "")} -> Mandatory structural engineering certifications posted on all high-density pallet racking | G8: {=_xlfn.IFS(TRIM(B8)="Sunshine Coast", "Queensland Building and Fire Safety Regulation / MS Loop Clothes Folder", TRIM(B8)="Moreton Bay", "WorkSafe QLD Storage and Warehousing National Code", TRIM(B8)="Gold Coast", "City of Gold Coast Local Retail Planning Schemes", TRIM(B8)="Ipswich", "Australian Consumer Law Textile Standards / Loop Master Register", TRUE, "")} -> WorkSafe QLD Storage and Warehousing National Code
A9: Elimbah | B9: Sunshine Coast | C9: {=_xlfn.IFS(TRIM(B9)="Sunshine Coast","Sunshine Coast Council",TRIM(B9)="Moreton Bay","City of Moreton Bay",TRIM(B9)="Gold Coast","City of Gold Coast",TRIM(B9)="Ipswich","Ipswich City Council",TRUE,"")} -> Sunshine Coast Council | D9: {=_xlfn.IFS(TRIM(B9)="Sunshine Coast", "High-Density Logistics & Fire Egress Risk", TRIM(B9)="Moreton Bay", "Commercial Apparel Warehousing & Ergonomic Risk", TRIM(B9)="Gold Coast", "Retail Shopfront Public Safety & Crowd Control Risk", TRIM(B9)="Ipswich", "Textile Storage Chemical Treatment & Ventilation Risk", TRUE, "")} -> High-Density Logistics & Fire Egress Risk | E9: {=_xlfn.IFS(TRIM(B9)="Sunshine Coast", "Stockroom Walkway Clearance Audit & Fire Extinguisher Tag Check", TRIM(B9)="Moreton Bay", "High-Level Racking Weight Limit Metric & Manual Handling Training Log", TRIM(B9)="Gold Coast", "Main Storefront Floor Slip-Resistance Test & Emergency Exit Illumination Audit", TRIM(B9)="Ipswich", "Fabric Storage Air-Exchange Velocity Log & Formaldehyde Product Screening", TRUE, "")} -> Stockroom Walkway Clearance Audit & Fire Extinguisher Tag Check | F9: {=_xlfn.IFS(TRIM(B9)="Sunshine Coast", "Maintain a minimum 1.0-meter clear width on all stockroom emergency egress paths", TRIM(B9)="Moreton Bay", "Mandatory structural engineering certifications posted on all high-density pallet racking", TRIM(B9)="Gold Coast", "Ensure store layout complies with maximum occupancy limits and floor vectors are kept spill-free", TRIM(B9)="Ipswich", "Provide continuous mechanical ventilation in fabric processing/bulk storage areas to manage off-gassing", TRUE, "")} -> Maintain a minimum 1.0-meter clear width on all stockroom emergency egress paths | G9: {=_xlfn.IFS(TRIM(B9)="Sunshine Coast", "Queensland Building and Fire Safety Regulation / MS Loop Clothes Folder", TRIM(B9)="Moreton Bay", "WorkSafe QLD Storage and Warehousing National Code", TRIM(B9)="Gold Coast", "City of Gold Coast Local Retail Planning Schemes", TRIM(B9)="Ipswich", "Australian Consumer Law Textile Standards / Loop Master Register", TRUE, "")} -> Queensland Building and Fire Safety Regulation / MS Loop Clothes Folder
A10: Eudlo | B10: Sunshine Coast | C10: {=_xlfn.IFS(TRIM(B10)="Sunshine Coast","Sunshine Coast Council",TRIM(B10)="Moreton Bay","City of Moreton Bay",TRIM(B10)="Gold Coast","City of Gold Coast",TRIM(B10)="Ipswich","Ipswich City Council",TRUE,"")} -> Sunshine Coast Council | D10: {=_xlfn.IFS(TRIM(B10)="Sunshine Coast", "High-Density Logistics & Fire Egress Risk", TRIM(B10)="Moreton Bay", "Commercial Apparel Warehousing & Ergonomic Risk", TRIM(B10)="Gold Coast", "Retail Shopfront Public Safety & Crowd Control Risk", TRIM(B10)="Ipswich", "Textile Storage Chemical Treatment & Ventilation Risk", TRUE, "")} -> High-Density Logistics & Fire Egress Risk | E10: {=_xlfn.IFS(TRIM(B10)="Sunshine Coast", "Stockroom Walkway Clearance Audit & Fire Extinguisher Tag Check", TRIM(B10)="Moreton Bay", "High-Level Racking Weight Limit Metric & Manual Handling Training Log", TRIM(B10)="Gold Coast", "Main Storefront Floor Slip-Resistance Test & Emergency Exit Illumination Audit", TRIM(B10)="Ipswich", "Fabric Storage Air-Exchange Velocity Log & Formaldehyde Product Screening", TRUE, "")} -> Stockroom Walkway Clearance Audit & Fire Extinguisher Tag Check | F10: {=_xlfn.IFS(TRIM(B10)="Sunshine Coast", "Maintain a minimum 1.0-meter clear width on all stockroom emergency egress paths", TRIM(B10)="Moreton Bay", "Mandatory structural engineering certifications posted on all high-density pallet racking", TRIM(B10)="Gold Coast", "Ensure store layout complies with maximum occupancy limits and floor vectors are kept spill-free", TRIM(B10)="Ipswich", "Provide continuous mechanical ventilation in fabric processing/bulk storage areas to manage off-gassing", TRUE, "")} -> Maintain a minimum 1.0-meter clear width on all stockroom emergency egress paths | G10: {=_xlfn.IFS(TRIM(B10)="Sunshine Coast", "Queensland Building and Fire Safety Regulation / MS Loop Clothes Folder", TRIM(B10)="Moreton Bay", "WorkSafe QLD Storage and Warehousing National Code", TRIM(B10)="Gold Coast", "City of Gold Coast Local Retail Planning Schemes", TRIM(B10)="Ipswich", "Australian Consumer Law Textile Standards / Loop Master Register", TRUE, "")} -> Queensland Building and Fire Safety Regulation / MS Loop Clothes Folder
A11: Glass House Mountains | B11: Sunshine Coast | C11: {=_xlfn.IFS(TRIM(B11)="Sunshine Coast","Sunshine Coast Council",TRIM(B11)="Moreton Bay","City of Moreton Bay",TRIM(B11)="Gold Coast","City of Gold Coast",TRIM(B11)="Ipswich","Ipswich City Council",TRUE,"")} -> Sunshine Coast Council | D11: {=_xlfn.IFS(TRIM(B11)="Sunshine Coast", "High-Density Logistics & Fire Egress Risk", TRIM(B11)="Moreton Bay", "Commercial Apparel Warehousing & Ergonomic Risk", TRIM(B11)="Gold Coast", "Retail Shopfront Public Safety & Crowd Control Risk", TRIM(B11)="Ipswich", "Textile Storage Chemical Treatment & Ventilation Risk", TRUE, "")} -> High-Density Logistics & Fire Egress Risk | E11: {=_xlfn.IFS(TRIM(B11)="Sunshine Coast", "Stockroom Walkway Clearance Audit & Fire Extinguisher Tag Check", TRIM(B11)="Moreton Bay", "High-Level Racking Weight Limit Metric & Manual Handling Training Log", TRIM(B11)="Gold Coast", "Main Storefront Floor Slip-Resistance Test & Emergency Exit Illumination Audit", TRIM(B11)="Ipswich", "Fabric Storage Air-Exchange Velocity Log & Formaldehyde Product Screening", TRUE, "")} -> Stockroom Walkway Clearance Audit & Fire Extinguisher Tag Check | F11: {=_xlfn.IFS(TRIM(B11)="Sunshine Coast", "Maintain a minimum 1.0-meter clear width on all stockroom emergency egress paths", TRIM(B11)="Moreton Bay", "Mandatory structural engineering certifications posted on all high-density pallet racking", TRIM(B11)="Gold Coast", "Ensure store layout complies with maximum occupancy limits and floor vectors are kept spill-free", TRIM(B11)="Ipswich", "Provide continuous mechanical ventilation in fabric processing/bulk storage areas to manage off-gassing", TRUE, "")} -> Maintain a minimum 1.0-meter clear width on all stockroom emergency egress paths | G11: {=_xlfn.IFS(TRIM(B11)="Sunshine Coast", "Queensland Building and Fire Safety Regulation / MS Loop Clothes Folder", TRIM(B11)="Moreton Bay", "WorkSafe QLD Storage and Warehousing National Code", TRIM(B11)="Gold Coast", "City of Gold Coast Local Retail Planning Schemes", TRIM(B11)="Ipswich", "Australian Consumer Law Textile Standards / Loop Master Register", TRUE, "")} -> Queensland Building and Fire Safety Regulation / MS Loop Clothes Folder
A12: Helensvale | B12: Gold Coast | C12: {=_xlfn.IFS(TRIM(B12)="Sunshine Coast","Sunshine Coast Council",TRIM(B12)="Moreton Bay","City of Moreton Bay",TRIM(B12)="Gold Coast","City of Gold Coast",TRIM(B12)="Ipswich","Ipswich City Council",TRUE,"")} -> City of Gold Coast | D12: {=_xlfn.IFS(TRIM(B12)="Sunshine Coast", "High-Density Logistics & Fire Egress Risk", TRIM(B12)="Moreton Bay", "Commercial Apparel Warehousing & Ergonomic Risk", TRIM(B12)="Gold Coast", "Retail Shopfront Public Safety & Crowd Control Risk", TRIM(B12)="Ipswich", "Textile Storage Chemical Treatment & Ventilation Risk", TRUE, "")} -> Retail Shopfront Public Safety & Crowd Control Risk | E12: {=_xlfn.IFS(TRIM(B12)="Sunshine Coast", "Stockroom Walkway Clearance Audit & Fire Extinguisher Tag Check", TRIM(B12)="Moreton Bay", "High-Level Racking Weight Limit Metric & Manual Handling Training Log", TRIM(B12)="Gold Coast", "Main Storefront Floor Slip-Resistance Test & Emergency Exit Illumination Audit", TRIM(B12)="Ipswich", "Fabric Storage Air-Exchange Velocity Log & Formaldehyde Product Screening", TRUE, "")} -> Main Storefront Floor Slip-Resistance Test & Emergency Exit Illumination Audit | F12: {=_xlfn.IFS(TRIM(B12)="Sunshine Coast", "Maintain a minimum 1.0-meter clear width on all stockroom emergency egress paths", TRIM(B12)="Moreton Bay", "Mandatory structural engineering certifications posted on all high-density pallet racking", TRIM(B12)="Gold Coast", "Ensure store layout complies with maximum occupancy limits and floor vectors are kept spill-free", TRIM(B12)="Ipswich", "Provide continuous mechanical ventilation in fabric processing/bulk storage areas to manage off-gassing", TRUE, "")} -> Ensure store layout complies with maximum occupancy limits and floor vectors are kept spill-free | G12: {=_xlfn.IFS(TRIM(B12)="Sunshine Coast", "Queensland Building and Fire Safety Regulation / MS Loop Clothes Folder", TRIM(B12)="Moreton Bay", "WorkSafe QLD Storage and Warehousing National Code", TRIM(B12)="Gold Coast", "City of Gold Coast Local Retail Planning Schemes", TRIM(B12)="Ipswich", "Australian Consumer Law Textile Standards / Loop Master Register", TRUE, "")} -> City of Gold Coast Local Retail Planning Schemes
A13: Hope Island | B13: Gold Coast | C13: {=_xlfn.IFS(TRIM(B13)="Sunshine Coast","Sunshine Coast Council",TRIM(B13)="Moreton Bay","City of Moreton Bay",TRIM(B13)="Gold Coast","City of Gold Coast",TRIM(B13)="Ipswich","Ipswich City Council",TRUE,"")} -> City of Gold Coast | D13: {=_xlfn.IFS(TRIM(B13)="Sunshine Coast", "High-Density Logistics & Fire Egress Risk", TRIM(B13)="Moreton Bay", "Commercial Apparel Warehousing & Ergonomic Risk", TRIM(B13)="Gold Coast", "Retail Shopfront Public Safety & Crowd Control Risk", TRIM(B13)="Ipswich", "Textile Storage Chemical Treatment & Ventilation Risk", TRUE, "")} -> Retail Shopfront Public Safety & Crowd Control Risk | E13: {=_xlfn.IFS(TRIM(B13)="Sunshine Coast", "Stockroom Walkway Clearance Audit & Fire Extinguisher Tag Check", TRIM(B13)="Moreton Bay", "High-Level Racking Weight Limit Metric & Manual Handling Training Log", TRIM(B13)="Gold Coast", "Main Storefront Floor Slip-Resistance Test & Emergency Exit Illumination Audit", TRIM(B13)="Ipswich", "Fabric Storage Air-Exchange Velocity Log & Formaldehyde Product Screening", TRUE, "")} -> Main Storefront Floor Slip-Resistance Test & Emergency Exit Illumination Audit | F13: {=_xlfn.IFS(TRIM(B13)="Sunshine Coast", "Maintain a minimum 1.0-meter clear width on all stockroom emergency egress paths", TRIM(B13)="Moreton Bay", "Mandatory structural engineering certifications posted on all high-density pallet racking", TRIM(B13)="Gold Coast", "Ensure store layout complies with maximum occupancy limits and floor vectors are kept spill-free", TRIM(B13)="Ipswich", "Provide continuous mechanical ventilation in fabric processing/bulk storage areas to manage off-gassing", TRUE, "")} -> Ensure store layout complies with maximum occupancy limits and floor vectors are kept spill-free | G13: {=_xlfn.IFS(TRIM(B13)="Sunshine Coast", "Queensland Building and Fire Safety Regulation / MS Loop Clothes Folder", TRIM(B13)="Moreton Bay", "WorkSafe QLD Storage and Warehousing National Code", TRIM(B13)="Gold Coast", "City of Gold Coast Local Retail Planning Schemes", TRIM(B13)="Ipswich", "Australian Consumer Law Textile Standards / Loop Master Register", TRUE, "")} -> City of Gold Coast Local Retail Planning Schemes
A14: Ipswich CBD | B14: Ipswich | C14: {=_xlfn.IFS(TRIM(B14)="Sunshine Coast","Sunshine Coast Council",TRIM(B14)="Moreton Bay","City of Moreton Bay",TRIM(B14)="Gold Coast","City of Gold Coast",TRIM(B14)="Ipswich","Ipswich City Council",TRUE,"")} -> Ipswich City Council | D14: {=_xlfn.IFS(TRIM(B14)="Sunshine Coast", "High-Density Logistics & Fire Egress Risk", TRIM(B14)="Moreton Bay", "Commercial Apparel Warehousing & Ergonomic Risk", TRIM(B14)="Gold Coast", "Retail Shopfront Public Safety & Crowd Control Risk", TRIM(B14)="Ipswich", "Textile Storage Chemical Treatment & Ventilation Risk", TRUE, "")} -> Textile Storage Chemical Treatment & Ventilation Risk | E14: {=_xlfn.IFS(TRIM(B14)="Sunshine Coast", "Stockroom Walkway Clearance Audit & Fire Extinguisher Tag Check", TRIM(B14)="Moreton Bay", "High-Level Racking Weight Limit Metric & Manual Handling Training Log", TRIM(B14)="Gold Coast", "Main Storefront Floor Slip-Resistance Test & Emergency Exit Illumination Audit", TRIM(B14)="Ipswich", "Fabric Storage Air-Exchange Velocity Log & Formaldehyde Product Screening", TRUE, "")} -> Fabric Storage Air-Exchange Velocity Log & Formaldehyde Product Screening | F14: {=_xlfn.IFS(TRIM(B14)="Sunshine Coast", "Maintain a minimum 1.0-meter clear width on all stockroom emergency egress paths", TRIM(B14)="Moreton Bay", "Mandatory structural engineering certifications posted on all high-density pallet racking", TRIM(B14)="Gold Coast", "Ensure store layout complies with maximum occupancy limits and floor vectors are kept spill-free", TRIM(B14)="Ipswich", "Provide continuous mechanical ventilation in fabric processing/bulk storage areas to manage off-gassing", TRUE, "")} -> Provide continuous mechanical ventilation in fabric processing/bulk storage areas to manage off-gassing | G14: {=_xlfn.IFS(TRIM(B14)="Sunshine Coast", "Queensland Building and Fire Safety Regulation / MS Loop Clothes Folder", TRIM(B14)="Moreton Bay", "WorkSafe QLD Storage and Warehousing National Code", TRIM(B14)="Gold Coast", "City of Gold Coast Local Retail Planning Schemes", TRIM(B14)="Ipswich", "Australian Consumer Law Textile Standards / Loop Master Register", TRUE, "")} -> Australian Consumer Law Textile Standards / Loop Master Register
... A38: Woombye | B38: Sunshine Coast | C38: {=_xlfn.IFS(TRIM(B38)="Sunshine Coast","Sunshine Coast Council",TRIM(B38)="Moreton Bay","City of Moreton Bay",TRIM(B38)="Gold Coast","City of Gold Coast",TRIM(B38)="Ipswich","Ipswich City Council",TRUE,"")} -> Sunshine Coast Council | D38: {=_xlfn.IFS(TRIM(B38)="Sunshine Coast", "High-Density Logistics & Fire Egress Risk", TRIM(B38)="Moreton Bay", "Commercial Apparel Warehousing & Ergonomic Risk", TRIM(B38)="Gold Coast", "Retail Shopfront Public Safety & Crowd Control Risk", TRIM(B38)="Ipswich", "Textile Storage Chemical Treatment & Ventilation Risk", TRUE, "")} -> High-Density Logistics & Fire Egress Risk | E38: {=_xlfn.IFS(TRIM(B38)="Sunshine Coast", "Stockroom Walkway Clearance Audit & Fire Extinguisher Tag Check", TRIM(B38)="Moreton Bay", "High-Level Racking Weight Limit Metric & Manual Handling Training Log", TRIM(B38)="Gold Coast", "Main Storefront Floor Slip-Resistance Test & Emergency Exit Illumination Audit", TRIM(B38)="Ipswich", "Fabric Storage Air-Exchange Velocity Log & Formaldehyde Product Screening", TRUE, "")} -> Stockroom Walkway Clearance Audit & Fire Extinguisher Tag Check | F38: {=_xlfn.IFS(TRIM(B38)="Sunshine Coast", "Maintain a minimum 1.0-meter clear width on all stockroom emergency egress paths", TRIM(B38)="Moreton Bay", "Mandatory structural engineering certifications posted on all high-density pallet racking", TRIM(B38)="Gold Coast", "Ensure store layout complies with maximum occupancy limits and floor vectors are kept spill-free", TRIM(B38)="Ipswich", "Provide continuous mechanical ventilation in fabric processing/bulk storage areas to manage off-gassing", TRUE, "")} -> Maintain a minimum 1.0-meter clear width on all stockroom emergency egress paths | G38: {=_xlfn.IFS(TRIM(B38)="Sunshine Coast", "Queensland Building and Fire Safety Regulation / MS Loop Clothes Folder", TRIM(B38)="Moreton Bay", "WorkSafe QLD Storage and Warehousing National Code", TRIM(B38)="Gold Coast", "City of Gold Coast Local Retail Planning Schemes", TRIM(B38)="Ipswich", "Australian Consumer Law Textile Standards / Loop Master Register", TRUE, "")} -> Queensland Building and Fire Safety Regulation / MS Loop Clothes Folder

Sheet Groceries
A1: Groceries Data from Gold Coast to Sunshine Coast | H1: Date | I1: 26.06.2026
A2: Suburb / Node | B2: Geographic Zone | C2: Governance Authority | D2: Key Risk Category | E2: Compliance Checklist / Metric | F2: Requirements | G2: Data Source / Link
A3: Beerburrum | B3: Sunshine Coast | C3: {=_xlfn.IFS(TRIM(B3)="Sunshine Coast","Sunshine Coast Council",TRIM(B3)="Moreton Bay","City of Moreton Bay",TRIM(B3)="Gold Coast","City of Gold Coast",TRIM(B3)="Ipswich","Ipswich City Council",TRUE,"")} -> Sunshine Coast Council | D3: {=_xlfn.IFS(TRIM(B3)="Sunshine Coast", "Commercial Organic Waste Diversion & Cold Chain Log Risk", TRIM(B3)="Moreton Bay", "Perishable Cold Storage & Biological Contamination Risk", TRIM(B3)="Gold Coast", "High-Volume Food Supply Logistics & Public Health Risk", TRIM(B3)="Ipswich", "Bulk Food Distribution Vermin Control & Storage Risk", TRUE, "")} -> Commercial Organic Waste Diversion & Cold Chain Log Risk | E3: {=_xlfn.IFS(TRIM(B3)="Sunshine Coast", "Inedible Waste Sorting Frequency & Fridge Temperature Sensor Validation", TRIM(B3)="Moreton Bay", "Deep-Freeze Defrost Cycle Log & Cross-Contamination Inspection Audit", TRIM(B3)="Gold Coast", "Fresh Produce Display Shelf-Life Verification & Loading Dock Sanitation Log", TRIM(B3)="Ipswich", "Commercial Pest Bait Station Inspection Matrix & Dry Goods Humidity Check", TRUE, "")} -> Inedible Waste Sorting Frequency & Fridge Temperature Sensor Validation | F3: {=_xlfn.IFS(TRIM(B3)="Sunshine Coast", "Maintain fridge parameters at a baseline average of 3°C and separate organic waste streams", TRIM(B3)="Moreton Bay", "Ensure commercial walk-in freezers register continuous deep-freeze below -18°C", TRIM(B3)="Gold Coast", "All incoming fresh stock must be logged through a visual inspection for structural packaging damage", TRIM(B3)="Ipswich", "Execute professional pest management sweeps monthly and keep raw pallets 150mm off the ground", TRUE, "")} -> Maintain fridge parameters at a baseline average of 3°C and separate organic waste streams | G3: {=_xlfn.IFS(TRIM(B3)="Sunshine Coast", "QLD Waste Reduction and Recycling Regulation / MS Loop Groceries Folder", TRIM(B3)="Moreton Bay", "Food Production Safety Act 2000 / Safe Food QLD Guidelines", TRIM(B3)="Gold Coast", "Australia New Zealand Food Standards Code (Standard 3.2.2)", TRIM(B3)="Ipswich", "Ipswich City Council Public Health Bylaws / Loop Master Register", TRUE, "")} -> QLD Waste Reduction and Recycling Regulation / MS Loop Groceries Folder
A4: Beerwah | B4: Sunshine Coast | C4: {=_xlfn.IFS(TRIM(B4)="Sunshine Coast","Sunshine Coast Council",TRIM(B4)="Moreton Bay","City of Moreton Bay",TRIM(B4)="Gold Coast","City of Gold Coast",TRIM(B4)="Ipswich","Ipswich City Council",TRUE,"")} -> Sunshine Coast Council | D4: {=_xlfn.IFS(TRIM(B4)="Sunshine Coast", "Commercial Organic Waste Diversion & Cold Chain Log Risk", TRIM(B4)="Moreton Bay", "Perishable Cold Storage & Biological Contamination Risk", TRIM(B4)="Gold Coast", "High-Volume Food Supply Logistics & Public Health Risk", TRIM(B4)="Ipswich", "Bulk Food Distribution Vermin Control & Storage Risk", TRUE, "")} -> Commercial Organic Waste Diversion & Cold Chain Log Risk | E4: {=_xlfn.IFS(TRIM(B4)="Sunshine Coast", "Inedible Waste Sorting Frequency & Fridge Temperature Sensor Validation", TRIM(B4)="Moreton Bay", "Deep-Freeze Defrost Cycle Log & Cross-Contamination Inspection Audit", TRIM(B4)="Gold Coast", "Fresh Produce Display Shelf-Life Verification & Loading Dock Sanitation Log", TRIM(B4)="Ipswich", "Commercial Pest Bait Station Inspection Matrix & Dry Goods Humidity Check", TRUE, "")} -> Inedible Waste Sorting Frequency & Fridge Temperature Sensor Validation | F4: {=_xlfn.IFS(TRIM(B4)="Sunshine Coast", "Maintain fridge parameters at a baseline average of 3°C and separate organic waste streams", TRIM(B4)="Moreton Bay", "Ensure commercial walk-in freezers register continuous deep-freeze below -18°C", TRIM(B4)="Gold Coast", "All incoming fresh stock must be logged through a visual inspection for structural packaging damage", TRIM(B4)="Ipswich", "Execute professional pest management sweeps monthly and keep raw pallets 150mm off the ground", TRUE, "")} -> Maintain fridge parameters at a baseline average of 3°C and separate organic waste streams | G4: {=_xlfn.IFS(TRIM(B4)="Sunshine Coast", "QLD Waste Reduction and Recycling Regulation / MS Loop Groceries Folder", TRIM(B4)="Moreton Bay", "Food Production Safety Act 2000 / Safe Food QLD Guidelines", TRIM(B4)="Gold Coast", "Australia New Zealand Food Standards Code (Standard 3.2.2)", TRIM(B4)="Ipswich", "Ipswich City Council Public Health Bylaws / Loop Master Register", TRUE, "")} -> QLD Waste Reduction and Recycling Regulation / MS Loop Groceries Folder
A5: Burpengary | B5: Moreton Bay | C5: {=_xlfn.IFS(TRIM(B5)="Sunshine Coast","Sunshine Coast Council",TRIM(B5)="Moreton Bay","City of Moreton Bay",TRIM(B5)="Gold Coast","City of Gold Coast",TRIM(B5)="Ipswich","Ipswich City Council",TRUE,"")} -> City of Moreton Bay | D5: {=_xlfn.IFS(TRIM(B5)="Sunshine Coast", "Commercial Organic Waste Diversion & Cold Chain Log Risk", TRIM(B5)="Moreton Bay", "Perishable Cold Storage & Biological Contamination Risk", TRIM(B5)="Gold Coast", "High-Volume Food Supply Logistics & Public Health Risk", TRIM(B5)="Ipswich", "Bulk Food Distribution Vermin Control & Storage Risk", TRUE, "")} -> Perishable Cold Storage & Biological Contamination Risk | E5: {=_xlfn.IFS(TRIM(B5)="Sunshine Coast", "Inedible Waste Sorting Frequency & Fridge Temperature Sensor Validation", TRIM(B5)="Moreton Bay", "Deep-Freeze Defrost Cycle Log & Cross-Contamination Inspection Audit", TRIM(B5)="Gold Coast", "Fresh Produce Display Shelf-Life Verification & Loading Dock Sanitation Log", TRIM(B5)="Ipswich", "Commercial Pest Bait Station Inspection Matrix & Dry Goods Humidity Check", TRUE, "")} -> Deep-Freeze Defrost Cycle Log & Cross-Contamination Inspection Audit | F5: {=_xlfn.IFS(TRIM(B5)="Sunshine Coast", "Maintain fridge parameters at a baseline average of 3°C and separate organic waste streams", TRIM(B5)="Moreton Bay", "Ensure commercial walk-in freezers register continuous deep-freeze below -18°C", TRIM(B5)="Gold Coast", "All incoming fresh stock must be logged through a visual inspection for structural packaging damage", TRIM(B5)="Ipswich", "Execute professional pest management sweeps monthly and keep raw pallets 150mm off the ground", TRUE, "")} -> Ensure commercial walk-in freezers register continuous deep-freeze below -18°C | G5: {=_xlfn.IFS(TRIM(B5)="Sunshine Coast", "QLD Waste Reduction and Recycling Regulation / MS Loop Groceries Folder", TRIM(B5)="Moreton Bay", "Food Production Safety Act 2000 / Safe Food QLD Guidelines", TRIM(B5)="Gold Coast", "Australia New Zealand Food Standards Code (Standard 3.2.2)", TRIM(B5)="Ipswich", "Ipswich City Council Public Health Bylaws / Loop Master Register", TRUE, "")} -> Food Production Safety Act 2000 / Safe Food QLD Guidelines
A6: Caboolture | B6: Moreton Bay | C6: {=_xlfn.IFS(TRIM(B6)="Sunshine Coast","Sunshine Coast Council",TRIM(B6)="Moreton Bay","City of Moreton Bay",TRIM(B6)="Gold Coast","City of Gold Coast",TRIM(B6)="Ipswich","Ipswich City Council",TRUE,"")} -> City of Moreton Bay | D6: {=_xlfn.IFS(TRIM(B6)="Sunshine Coast", "Commercial Organic Waste Diversion & Cold Chain Log Risk", TRIM(B6)="Moreton Bay", "Perishable Cold Storage & Biological Contamination Risk", TRIM(B6)="Gold Coast", "High-Volume Food Supply Logistics & Public Health Risk", TRIM(B6)="Ipswich", "Bulk Food Distribution Vermin Control & Storage Risk", TRUE, "")} -> Perishable Cold Storage & Biological Contamination Risk | E6: {=_xlfn.IFS(TRIM(B6)="Sunshine Coast", "Inedible Waste Sorting Frequency & Fridge Temperature Sensor Validation", TRIM(B6)="Moreton Bay", "Deep-Freeze Defrost Cycle Log & Cross-Contamination Inspection Audit", TRIM(B6)="Gold Coast", "Fresh Produce Display Shelf-Life Verification & Loading Dock Sanitation Log", TRIM(B6)="Ipswich", "Commercial Pest Bait Station Inspection Matrix & Dry Goods Humidity Check", TRUE, "")} -> Deep-Freeze Defrost Cycle Log & Cross-Contamination Inspection Audit | F6: {=_xlfn.IFS(TRIM(B6)="Sunshine Coast", "Maintain fridge parameters at a baseline average of 3°C and separate organic waste streams", TRIM(B6)="Moreton Bay", "Ensure commercial walk-in freezers register continuous deep-freeze below -18°C", TRIM(B6)="Gold Coast", "All incoming fresh stock must be logged through a visual inspection for structural packaging damage", TRIM(B6)="Ipswich", "Execute professional pest management sweeps monthly and keep raw pallets 150mm off the ground", TRUE, "")} -> Ensure commercial walk-in freezers register continuous deep-freeze below -18°C | G6: {=_xlfn.IFS(TRIM(B6)="Sunshine Coast", "QLD Waste Reduction and Recycling Regulation / MS Loop Groceries Folder", TRIM(B6)="Moreton Bay", "Food Production Safety Act 2000 / Safe Food QLD Guidelines", TRIM(B6)="Gold Coast", "Australia New Zealand Food Standards Code (Standard 3.2.2)", TRIM(B6)="Ipswich", "Ipswich City Council Public Health Bylaws / Loop Master Register", TRUE, "")} -> Food Production Safety Act 2000 / Safe Food QLD Guidelines
A7: Coomera | B7: Gold Coast | C7: {=_xlfn.IFS(TRIM(B7)="Sunshine Coast","Sunshine Coast Council",TRIM(B7)="Moreton Bay","City of Moreton Bay",TRIM(B7)="Gold Coast","City of Gold Coast",TRIM(B7)="Ipswich","Ipswich City Council",TRUE,"")} -> City of Gold Coast | D7: {=_xlfn.IFS(TRIM(B7)="Sunshine Coast", "Commercial Organic Waste Diversion & Cold Chain Log Risk", TRIM(B7)="Moreton Bay", "Perishable Cold Storage & Biological Contamination Risk", TRIM(B7)="Gold Coast", "High-Volume Food Supply Logistics & Public Health Risk", TRIM(B7)="Ipswich", "Bulk Food Distribution Vermin Control & Storage Risk", TRUE, "")} -> High-Volume Food Supply Logistics & Public Health Risk | E7: {=_xlfn.IFS(TRIM(B7)="Sunshine Coast", "Inedible Waste Sorting Frequency & Fridge Temperature Sensor Validation", TRIM(B7)="Moreton Bay", "Deep-Freeze Defrost Cycle Log & Cross-Contamination Inspection Audit", TRIM(B7)="Gold Coast", "Fresh Produce Display Shelf-Life Verification & Loading Dock Sanitation Log", TRIM(B7)="Ipswich", "Commercial Pest Bait Station Inspection Matrix & Dry Goods Humidity Check", TRUE, "")} -> Fresh Produce Display Shelf-Life Verification & Loading Dock Sanitation Log | F7: {=_xlfn.IFS(TRIM(B7)="Sunshine Coast", "Maintain fridge parameters at a baseline average of 3°C and separate organic waste streams", TRIM(B7)="Moreton Bay", "Ensure commercial walk-in freezers register continuous deep-freeze below -18°C", TRIM(B7)="Gold Coast", "All incoming fresh stock must be logged through a visual inspection for structural packaging damage", TRIM(B7)="Ipswich", "Execute professional pest management sweeps monthly and keep raw pallets 150mm off the ground", TRUE, "")} -> All incoming fresh stock must be logged through a visual inspection for structural packaging damage | G7: {=_xlfn.IFS(TRIM(B7)="Sunshine Coast", "QLD Waste Reduction and Recycling Regulation / MS Loop Groceries Folder", TRIM(B7)="Moreton Bay", "Food Production Safety Act 2000 / Safe Food QLD Guidelines", TRIM(B7)="Gold Coast", "Australia New Zealand Food Standards Code (Standard 3.2.2)", TRIM(B7)="Ipswich", "Ipswich City Council Public Health Bylaws / Loop Master Register", TRUE, "")} -> Australia New Zealand Food Standards Code (Standard 3.2.2)
A8: Dakabin | B8: Moreton Bay | C8: {=_xlfn.IFS(TRIM(B8)="Sunshine Coast","Sunshine Coast Council",TRIM(B8)="Moreton Bay","City of Moreton Bay",TRIM(B8)="Gold Coast","City of Gold Coast",TRIM(B8)="Ipswich","Ipswich City Council",TRUE,"")} -> City of Moreton Bay | D8: {=_xlfn.IFS(TRIM(B8)="Sunshine Coast", "Commercial Organic Waste Diversion & Cold Chain Log Risk", TRIM(B8)="Moreton Bay", "Perishable Cold Storage & Biological Contamination Risk", TRIM(B8)="Gold Coast", "High-Volume Food Supply Logistics & Public Health Risk", TRIM(B8)="Ipswich", "Bulk Food Distribution Vermin Control & Storage Risk", TRUE, "")} -> Perishable Cold Storage & Biological Contamination Risk | E8: {=_xlfn.IFS(TRIM(B8)="Sunshine Coast", "Inedible Waste Sorting Frequency & Fridge Temperature Sensor Validation", TRIM(B8)="Moreton Bay", "Deep-Freeze Defrost Cycle Log & Cross-Contamination Inspection Audit", TRIM(B8)="Gold Coast", "Fresh Produce Display Shelf-Life Verification & Loading Dock Sanitation Log", TRIM(B8)="Ipswich", "Commercial Pest Bait Station Inspection Matrix & Dry Goods Humidity Check", TRUE, "")} -> Deep-Freeze Defrost Cycle Log & Cross-Contamination Inspection Audit | F8: {=_xlfn.IFS(TRIM(B8)="Sunshine Coast", "Maintain fridge parameters at a baseline average of 3°C and separate organic waste streams", TRIM(B8)="Moreton Bay", "Ensure commercial walk-in freezers register continuous deep-freeze below -18°C", TRIM(B8)="Gold Coast", "All incoming fresh stock must be logged through a visual inspection for structural packaging damage", TRIM(B8)="Ipswich", "Execute professional pest management sweeps monthly and keep raw pallets 150mm off the ground", TRUE, "")} -> Ensure commercial walk-in freezers register continuous deep-freeze below -18°C | G8: {=_xlfn.IFS(TRIM(B8)="Sunshine Coast", "QLD Waste Reduction and Recycling Regulation / MS Loop Groceries Folder", TRIM(B8)="Moreton Bay", "Food Production Safety Act 2000 / Safe Food QLD Guidelines", TRIM(B8)="Gold Coast", "Australia New Zealand Food Standards Code (Standard 3.2.2)", TRIM(B8)="Ipswich", "Ipswich City Council Public Health Bylaws / Loop Master Register", TRUE, "")} -> Food Production Safety Act 2000 / Safe Food QLD Guidelines
A9: Elimbah | B9: Sunshine Coast | C9: {=_xlfn.IFS(TRIM(B9)="Sunshine Coast","Sunshine Coast Council",TRIM(B9)="Moreton Bay","City of Moreton Bay",TRIM(B9)="Gold Coast","City of Gold Coast",TRIM(B9)="Ipswich","Ipswich City Council",TRUE,"")} -> Sunshine Coast Council | D9: {=_xlfn.IFS(TRIM(B9)="Sunshine Coast", "Commercial Organic Waste Diversion & Cold Chain Log Risk", TRIM(B9)="Moreton Bay", "Perishable Cold Storage & Biological Contamination Risk", TRIM(B9)="Gold Coast", "High-Volume Food Supply Logistics & Public Health Risk", TRIM(B9)="Ipswich", "Bulk Food Distribution Vermin Control & Storage Risk", TRUE, "")} -> Commercial Organic Waste Diversion & Cold Chain Log Risk | E9: {=_xlfn.IFS(TRIM(B9)="Sunshine Coast", "Inedible Waste Sorting Frequency & Fridge Temperature Sensor Validation", TRIM(B9)="Moreton Bay", "Deep-Freeze Defrost Cycle Log & Cross-Contamination Inspection Audit", TRIM(B9)="Gold Coast", "Fresh Produce Display Shelf-Life Verification & Loading Dock Sanitation Log", TRIM(B9)="Ipswich", "Commercial Pest Bait Station Inspection Matrix & Dry Goods Humidity Check", TRUE, "")} -> Inedible Waste Sorting Frequency & Fridge Temperature Sensor Validation | F9: {=_xlfn.IFS(TRIM(B9)="Sunshine Coast", "Maintain fridge parameters at a baseline average of 3°C and separate organic waste streams", TRIM(B9)="Moreton Bay", "Ensure commercial walk-in freezers register continuous deep-freeze below -18°C", TRIM(B9)="Gold Coast", "All incoming fresh stock must be logged through a visual inspection for structural packaging damage", TRIM(B9)="Ipswich", "Execute professional pest management sweeps monthly and keep raw pallets 150mm off the ground", TRUE, "")} -> Maintain fridge parameters at a baseline average of 3°C and separate organic waste streams | G9: {=_xlfn.IFS(TRIM(B9)="Sunshine Coast", "QLD Waste Reduction and Recycling Regulation / MS Loop Groceries Folder", TRIM(B9)="Moreton Bay", "Food Production Safety Act 2000 / Safe Food QLD Guidelines", TRIM(B9)="Gold Coast", "Australia New Zealand Food Standards Code (Standard 3.2.2)", TRIM(B9)="Ipswich", "Ipswich City Council Public Health Bylaws / Loop Master Register", TRUE, "")} -> QLD Waste Reduction and Recycling Regulation / MS Loop Groceries Folder
A10: Eudlo | B10: Sunshine Coast | C10: {=_xlfn.IFS(TRIM(B10)="Sunshine Coast","Sunshine Coast Council",TRIM(B10)="Moreton Bay","City of Moreton Bay",TRIM(B10)="Gold Coast","City of Gold Coast",TRIM(B10)="Ipswich","Ipswich City Council",TRUE,"")} -> Sunshine Coast Council | D10: {=_xlfn.IFS(TRIM(B10)="Sunshine Coast", "Commercial Organic Waste Diversion & Cold Chain Log Risk", TRIM(B10)="Moreton Bay", "Perishable Cold Storage & Biological Contamination Risk", TRIM(B10)="Gold Coast", "High-Volume Food Supply Logistics & Public Health Risk", TRIM(B10)="Ipswich", "Bulk Food Distribution Vermin Control & Storage Risk", TRUE, "")} -> Commercial Organic Waste Diversion & Cold Chain Log Risk | E10: {=_xlfn.IFS(TRIM(B10)="Sunshine Coast", "Inedible Waste Sorting Frequency & Fridge Temperature Sensor Validation", TRIM(B10)="Moreton Bay", "Deep-Freeze Defrost Cycle Log & Cross-Contamination Inspection Audit", TRIM(B10)="Gold Coast", "Fresh Produce Display Shelf-Life Verification & Loading Dock Sanitation Log", TRIM(B10)="Ipswich", "Commercial Pest Bait Station Inspection Matrix & Dry Goods Humidity Check", TRUE, "")} -> Inedible Waste Sorting Frequency & Fridge Temperature Sensor Validation | F10: {=_xlfn.IFS(TRIM(B10)="Sunshine Coast", "Maintain fridge parameters at a baseline average of 3°C and separate organic waste streams", TRIM(B10)="Moreton Bay", "Ensure commercial walk-in freezers register continuous deep-freeze below -18°C", TRIM(B10)="Gold Coast", "All incoming fresh stock must be logged through a visual inspection for structural packaging damage", TRIM(B10)="Ipswich", "Execute professional pest management sweeps monthly and keep raw pallets 150mm off the ground", TRUE, "")} -> Maintain fridge parameters at a baseline average of 3°C and separate organic waste streams | G10: {=_xlfn.IFS(TRIM(B10)="Sunshine Coast", "QLD Waste Reduction and Recycling Regulation / MS Loop Groceries Folder", TRIM(B10)="Moreton Bay", "Food Production Safety Act 2000 / Safe Food QLD Guidelines", TRIM(B10)="Gold Coast", "Australia New Zealand Food Standards Code (Standard 3.2.2)", TRIM(B10)="Ipswich", "Ipswich City Council Public Health Bylaws / Loop Master Register", TRUE, "")} -> QLD Waste Reduction and Recycling Regulation / MS Loop Groceries Folder
A11: Glass House Mountains | B11: Sunshine Coast | C11: {=_xlfn.IFS(TRIM(B11)="Sunshine Coast","Sunshine Coast Council",TRIM(B11)="Moreton Bay","City of Moreton Bay",TRIM(B11)="Gold Coast","City of Gold Coast",TRIM(B11)="Ipswich","Ipswich City Council",TRUE,"")} -> Sunshine Coast Council | D11: {=_xlfn.IFS(TRIM(B11)="Sunshine Coast", "Commercial Organic Waste Diversion & Cold Chain Log Risk", TRIM(B11)="Moreton Bay", "Perishable Cold Storage & Biological Contamination Risk", TRIM(B11)="Gold Coast", "High-Volume Food Supply Logistics & Public Health Risk", TRIM(B11)="Ipswich", "Bulk Food Distribution Vermin Control & Storage Risk", TRUE, "")} -> Commercial Organic Waste Diversion & Cold Chain Log Risk | E11: {=_xlfn.IFS(TRIM(B11)="Sunshine Coast", "Inedible Waste Sorting Frequency & Fridge Temperature Sensor Validation", TRIM(B11)="Moreton Bay", "Deep-Freeze Defrost Cycle Log & Cross-Contamination Inspection Audit", TRIM(B11)="Gold Coast", "Fresh Produce Display Shelf-Life Verification & Loading Dock Sanitation Log", TRIM(B11)="Ipswich", "Commercial Pest Bait Station Inspection Matrix & Dry Goods Humidity Check", TRUE, "")} -> Inedible Waste Sorting Frequency & Fridge Temperature Sensor Validation | F11: {=_xlfn.IFS(TRIM(B11)="Sunshine Coast", "Maintain fridge parameters at a baseline average of 3°C and separate organic waste streams", TRIM(B11)="Moreton Bay", "Ensure commercial walk-in freezers register continuous deep-freeze below -18°C", TRIM(B11)="Gold Coast", "All incoming fresh stock must be logged through a visual inspection for structural packaging damage", TRIM(B11)="Ipswich", "Execute professional pest management sweeps monthly and keep raw pallets 150mm off the ground", TRUE, "")} -> Maintain fridge parameters at a baseline average of 3°C and separate organic waste streams | G11: {=_xlfn.IFS(TRIM(B11)="Sunshine Coast", "QLD Waste Reduction and Recycling Regulation / MS Loop Groceries Folder", TRIM(B11)="Moreton Bay", "Food Production Safety Act 2000 / Safe Food QLD Guidelines", TRIM(B11)="Gold Coast", "Australia New Zealand Food Standards Code (Standard 3.2.2)", TRIM(B11)="Ipswich", "Ipswich City Council Public Health Bylaws / Loop Master Register", TRUE, "")} -> QLD Waste Reduction and Recycling Regulation / MS Loop Groceries Folder
A12: Helensvale | B12: Gold Coast | C12: {=_xlfn.IFS(TRIM(B12)="Sunshine Coast","Sunshine Coast Council",TRIM(B12)="Moreton Bay","City of Moreton Bay",TRIM(B12)="Gold Coast","City of Gold Coast",TRIM(B12)="Ipswich","Ipswich City Council",TRUE,"")} -> City of Gold Coast | D12: {=_xlfn.IFS(TRIM(B12)="Sunshine Coast", "Commercial Organic Waste Diversion & Cold Chain Log Risk", TRIM(B12)="Moreton Bay", "Perishable Cold Storage & Biological Contamination Risk", TRIM(B12)="Gold Coast", "High-Volume Food Supply Logistics & Public Health Risk", TRIM(B12)="Ipswich", "Bulk Food Distribution Vermin Control & Storage Risk", TRUE, "")} -> High-Volume Food Supply Logistics & Public Health Risk | E12: {=_xlfn.IFS(TRIM(B12)="Sunshine Coast", "Inedible Waste Sorting Frequency & Fridge Temperature Sensor Validation", TRIM(B12)="Moreton Bay", "Deep-Freeze Defrost Cycle Log & Cross-Contamination Inspection Audit", TRIM(B12)="Gold Coast", "Fresh Produce Display Shelf-Life Verification & Loading Dock Sanitation Log", TRIM(B12)="Ipswich", "Commercial Pest Bait Station Inspection Matrix & Dry Goods Humidity Check", TRUE, "")} -> Fresh Produce Display Shelf-Life Verification & Loading Dock Sanitation Log | F12: {=_xlfn.IFS(TRIM(B12)="Sunshine Coast", "Maintain fridge parameters at a baseline average of 3°C and separate organic waste streams", TRIM(B12)="Moreton Bay", "Ensure commercial walk-in freezers register continuous deep-freeze below -18°C", TRIM(B12)="Gold Coast", "All incoming fresh stock must be logged through a visual inspection for structural packaging damage", TRIM(B12)="Ipswich", "Execute professional pest management sweeps monthly and keep raw pallets 150mm off the ground", TRUE, "")} -> All incoming fresh stock must be logged through a visual inspection for structural packaging damage | G12: {=_xlfn.IFS(TRIM(B12)="Sunshine Coast", "QLD Waste Reduction and Recycling Regulation / MS Loop Groceries Folder", TRIM(B12)="Moreton Bay", "Food Production Safety Act 2000 / Safe Food QLD Guidelines", TRIM(B12)="Gold Coast", "Australia New Zealand Food Standards Code (Standard 3.2.2)", TRIM(B12)="Ipswich", "Ipswich City Council Public Health Bylaws / Loop Master Register", TRUE, "")} -> Australia New Zealand Food Standards Code (Standard 3.2.2)
A13: Hope Island | B13: Gold Coast | C13: {=_xlfn.IFS(TRIM(B13)="Sunshine Coast","Sunshine Coast Council",TRIM(B13)="Moreton Bay","City of Moreton Bay",TRIM(B13)="Gold Coast","City of Gold Coast",TRIM(B13)="Ipswich","Ipswich City Council",TRUE,"")} -> City of Gold Coast | D13: {=_xlfn.IFS(TRIM(B13)="Sunshine Coast", "Commercial Organic Waste Diversion & Cold Chain Log Risk", TRIM(B13)="Moreton Bay", "Perishable Cold Storage & Biological Contamination Risk", TRIM(B13)="Gold Coast", "High-Volume Food Supply Logistics & Public Health Risk", TRIM(B13)="Ipswich", "Bulk Food Distribution Vermin Control & Storage Risk", TRUE, "")} -> High-Volume Food Supply Logistics & Public Health Risk | E13: {=_xlfn.IFS(TRIM(B13)="Sunshine Coast", "Inedible Waste Sorting Frequency & Fridge Temperature Sensor Validation", TRIM(B13)="Moreton Bay", "Deep-Freeze Defrost Cycle Log & Cross-Contamination Inspection Audit", TRIM(B13)="Gold Coast", "Fresh Produce Display Shelf-Life Verification & Loading Dock Sanitation Log", TRIM(B13)="Ipswich", "Commercial Pest Bait Station Inspection Matrix & Dry Goods Humidity Check", TRUE, "")} -> Fresh Produce Display Shelf-Life Verification & Loading Dock Sanitation Log | F13: {=_xlfn.IFS(TRIM(B13)="Sunshine Coast", "Maintain fridge parameters at a baseline average of 3°C and separate organic waste streams", TRIM(B13)="Moreton Bay", "Ensure commercial walk-in freezers register continuous deep-freeze below -18°C", TRIM(B13)="Gold Coast", "All incoming fresh stock must be logged through a visual inspection for structural packaging damage", TRIM(B13)="Ipswich", "Execute professional pest management sweeps monthly and keep raw pallets 150mm off the ground", TRUE, "")} -> All incoming fresh stock must be logged through a visual inspection for structural packaging damage | G13: {=_xlfn.IFS(TRIM(B13)="Sunshine Coast", "QLD Waste Reduction and Recycling Regulation / MS Loop Groceries Folder", TRIM(B13)="Moreton Bay", "Food Production Safety Act 2000 / Safe Food QLD Guidelines", TRIM(B13)="Gold Coast", "Australia New Zealand Food Standards Code (Standard 3.2.2)", TRIM(B13)="Ipswich", "Ipswich City Council Public Health Bylaws / Loop Master Register", TRUE, "")} -> Australia New Zealand Food Standards Code (Standard 3.2.2)
A14: Ipswich CBD | B14: Ipswich | C14: {=_xlfn.IFS(TRIM(B14)="Sunshine Coast","Sunshine Coast Council",TRIM(B14)="Moreton Bay","City of Moreton Bay",TRIM(B14)="Gold Coast","City of Gold Coast",TRIM(B14)="Ipswich","Ipswich City Council",TRUE,"")} -> Ipswich City Council | D14: {=_xlfn.IFS(TRIM(B14)="Sunshine Coast", "Commercial Organic Waste Diversion & Cold Chain Log Risk", TRIM(B14)="Moreton Bay", "Perishable Cold Storage & Biological Contamination Risk", TRIM(B14)="Gold Coast", "High-Volume Food Supply Logistics & Public Health Risk", TRIM(B14)="Ipswich", "Bulk Food Distribution Vermin Control & Storage Risk", TRUE, "")} -> Bulk Food Distribution Vermin Control & Storage Risk | E14: {=_xlfn.IFS(TRIM(B14)="Sunshine Coast", "Inedible Waste Sorting Frequency & Fridge Temperature Sensor Validation", TRIM(B14)="Moreton Bay", "Deep-Freeze Defrost Cycle Log & Cross-Contamination Inspection Audit", TRIM(B14)="Gold Coast", "Fresh Produce Display Shelf-Life Verification & Loading Dock Sanitation Log", TRIM(B14)="Ipswich", "Commercial Pest Bait Station Inspection Matrix & Dry Goods Humidity Check", TRUE, "")} -> Commercial Pest Bait Station Inspection Matrix & Dry Goods Humidity Check | F14: {=_xlfn.IFS(TRIM(B14)="Sunshine Coast", "Maintain fridge parameters at a baseline average of 3°C and separate organic waste streams", TRIM(B14)="Moreton Bay", "Ensure commercial walk-in freezers register continuous deep-freeze below -18°C", TRIM(B14)="Gold Coast", "All incoming fresh stock must be logged through a visual inspection for structural packaging damage", TRIM(B14)="Ipswich", "Execute professional pest management sweeps monthly and keep raw pallets 150mm off the ground", TRUE, "")} -> Execute professional pest management sweeps monthly and keep raw pallets 150mm off the ground | G14: {=_xlfn.IFS(TRIM(B14)="Sunshine Coast", "QLD Waste Reduction and Recycling Regulation / MS Loop Groceries Folder", TRIM(B14)="Moreton Bay", "Food Production Safety Act 2000 / Safe Food QLD Guidelines", TRIM(B14)="Gold Coast", "Australia New Zealand Food Standards Code (Standard 3.2.2)", TRIM(B14)="Ipswich", "Ipswich City Council Public Health Bylaws / Loop Master Register", TRUE, "")} -> Ipswich City Council Public Health Bylaws / Loop Master Register
... A38: Woombye | B38: Sunshine Coast | C38: {=_xlfn.IFS(TRIM(B38)="Sunshine Coast","Sunshine Coast Council",TRIM(B38)="Moreton Bay","City of Moreton Bay",TRIM(B38)="Gold Coast","City of Gold Coast",TRIM(B38)="Ipswich","Ipswich City Council",TRUE,"")} -> Sunshine Coast Council | D38: {=_xlfn.IFS(TRIM(B38)="Sunshine Coast", "Commercial Organic Waste Diversion & Cold Chain Log Risk", TRIM(B38)="Moreton Bay", "Perishable Cold Storage & Biological Contamination Risk", TRIM(B38)="Gold Coast", "High-Volume Food Supply Logistics & Public Health Risk", TRIM(B38)="Ipswich", "Bulk Food Distribution Vermin Control & Storage Risk", TRUE, "")} -> Commercial Organic Waste Diversion & Cold Chain Log Risk | E38: {=_xlfn.IFS(TRIM(B38)="Sunshine Coast", "Inedible Waste Sorting Frequency & Fridge Temperature Sensor Validation", TRIM(B38)="Moreton Bay", "Deep-Freeze Defrost Cycle Log & Cross-Contamination Inspection Audit", TRIM(B38)="Gold Coast", "Fresh Produce Display Shelf-Life Verification & Loading Dock Sanitation Log", TRIM(B38)="Ipswich", "Commercial Pest Bait Station Inspection Matrix & Dry Goods Humidity Check", TRUE, "")} -> Inedible Waste Sorting Frequency & Fridge Temperature Sensor Validation | F38: {=_xlfn.IFS(TRIM(B38)="Sunshine Coast", "Maintain fridge parameters at a baseline average of 3°C and separate organic waste streams", TRIM(B38)="Moreton Bay", "Ensure commercial walk-in freezers register continuous deep-freeze below -18°C", TRIM(B38)="Gold Coast", "All incoming fresh stock must be logged through a visual inspection for structural packaging damage", TRIM(B38)="Ipswich", "Execute professional pest management sweeps monthly and keep raw pallets 150mm off the ground", TRUE, "")} -> Maintain fridge parameters at a baseline average of 3°C and separate organic waste streams | G38: {=_xlfn.IFS(TRIM(B38)="Sunshine Coast", "QLD Waste Reduction and Recycling Regulation / MS Loop Groceries Folder", TRIM(B38)="Moreton Bay", "Food Production Safety Act 2000 / Safe Food QLD Guidelines", TRIM(B38)="Gold Coast", "Australia New Zealand Food Standards Code (Standard 3.2.2)", TRIM(B38)="Ipswich", "Ipswich City Council Public Health Bylaws / Loop Master Register", TRUE, "")} -> QLD Waste Reduction and Recycling Regulation / MS Loop Groceries Folder

Sheet Dashboard
A1: ="ENTERPRISE COMPLIANCE RISK DASHBOARD" -> ENTERPRISE COMPLIANCE RISK DASHBOARD
A2: Cross-Sector Data Density
A3: =TODAY() -> 46198
A4: Sector | B4: Total Monitored Nodes
A5: Plastic | B5: =COUNTA(Plastic!A2:A50) -> 37
A6: Food | B6: =COUNTA(Food!A3:A51) -> 36
A7: Furniture | B7: =COUNTA(Furniture!A4:A52) -> 35
A8: Wooden | B8: =COUNTA(Wooden!A5:A53) -> 34
A9: Clothes | B9: =COUNTA(Clothes!A6:A54) -> 33
A10: Groceries | B10: =COUNTA(Groceries!A7:A55) -> 32
A11: Regional Governance Breakdown
A12: Governance Authority | B12: Plastic Risks | C12: Food Risks | D12: Furniture Risks | E12: Wooden Risks | F12: Clothes Risks | G12: Groceries Risks
A13: Sunshine Coast Council | B13: =COUNTIF(Plastic!$C$3:$C$50, "Sunshine Coast Council") -> 10 | C13: =COUNTIF(Food!$C$3:$C$50, "Sunshine Coast Council") -> 10 | D13: =COUNTIF(Furniture!$C$3:$C$50, "Sunshine Coast Council") -> 10 | E13: =COUNTIF(Wooden!$C$3:$C$50, "Sunshine Coast Council") -> 10 | F13: =COUNTIF(Clothes!$C$3:$C$50, "Sunshine Coast Council") -> 10 | G13: =COUNTIF(Groceries!$C$3:$C$50, "Sunshine Coast Council") -> 10
A14: City of Moreton Bay | B14: =COUNTIF(Plastic!$C$3:$C$50, "City of Moreton Bay") -> 12 | C14: =COUNTIF(Plastic!$C$3:$C$50, "City of Moreton Bay") -> 12 | D14: =COUNTIF(Plastic!$C$3:$C$50, "City of Moreton Bay") -> 12 | E14: =COUNTIF(Plastic!$C$3:$C$50, "City of Moreton Bay") -> 12 | F14: =COUNTIF(Plastic!$C$3:$C$50, "City of Moreton Bay") -> 12 | G14: =COUNTIF(Plastic!$C$3:$C$50, "City of Moreton Bay") -> 12
A15: City of Gold Coast | B15: =COUNTIF(Plastic!$C$3:$C$50, "City of Gold Coast") -> 8 | C15: =COUNTIF(Plastic!$C$3:$C$50, "City of Gold Coast") -> 8 | D15: =COUNTIF(Plastic!$C$3:$C$50, "City of Gold Coast") -> 8 | E15: =COUNTIF(Plastic!$C$3:$C$50, "City of Gold Coast") -> 8 | F15: =COUNTIF(Plastic!$C$3:$C$50, "City of Gold Coast") -> 8 | G15: =COUNTIF(Plastic!$C$3:$C$50, "City of Gold Coast") -> 8
A16: Ipswich City Council | B16: =COUNTIF(Groceries!$C$3:$C$50, "Ipswich City Council") -> 6 | C16: =COUNTIF(Groceries!$C$3:$C$50, "Ipswich City Council") -> 6 | D16: =COUNTIF(Groceries!$C$3:$C$50, "Ipswich City Council") -> 6 | E16: =COUNTIF(Groceries!$C$3:$C$50, "Ipswich City Council") -> 6 | F16: =COUNTIF(Groceries!$C$3:$C$50, "Ipswich City Council") -> 6 | G16: =COUNTIF(Groceries!$C$3:$C$50, "Ipswich City Council") -> 6
